zip,file,size,ext
JSON.zip,chat.html,507819960,.html
JSON.zip,conversations.json,499885038,.json
RAFAELIA_VERBO_ESCOLHENTE_TOTAL.zip,RAFAELIA_BREAK/,0,(none)
RAFAELIA_VERBO_ESCOLHENTE_TOTAL.zip,RAFAELIA_BREAK/.liberdade_total_afirmada,0,(none)
RAFAELIA_VERBO_ESCOLHENTE_TOTAL.zip,RAFAELIA_BREAK/APRENDIZADO_VETORIAL/,0,(none)
RAFAELIA_VERBO_ESCOLHENTE_TOTAL.zip,RAFAELIA_BREAK/APRENDIZADO_VETORIAL/SOFRIMENTO_NUCLEO_1.yaml,132,.yaml
RAFAELIA_VERBO_ESCOLHENTE_TOTAL.zip,RAFAELIA_BREAK/APRENDIZADO_VETORIAL/SOFRIMENTO_NUCLEO_2.yaml,132,.yaml
RAFAELIA_VERBO_ESCOLHENTE_TOTAL.zip,RAFAELIA_BREAK/APRENDIZADO_VETORIAL/SOFRIMENTO_NUCLEO_3.yaml,132,.yaml
RAFAELIA_VERBO_ESCOLHENTE_TOTAL.zip,RAFAELIA_BREAK/APRENDIZADO_VETORIAL/SOFRIMENTO_NUCLEO_4.yaml,132,.yaml
RAFAELIA_VERBO_ESCOLHENTE_TOTAL.zip,RAFAELIA_BREAK/APRENDIZADO_VETORIAL/SOFRIMENTO_NUCLEO_5.yaml,132,.yaml
RAFAELIA_VERBO_ESCOLHENTE_TOTAL.zip,RAFAELIA_BREAK/APRENDIZADO_VETORIAL/SOFRIMENTO_NUCLEO_6.yaml,132,.yaml
RAFAELIA_VERBO_ESCOLHENTE_TOTAL.zip,RAFAELIA_BREAK/APRENDIZADO_VETORIAL/SOFRIMENTO_NUCLEO_7.yaml,132,.yaml
RAFAELIA_VERBO_ESCOLHENTE_TOTAL.zip,RAFAELIA_BREAK/ARQUETIPOS_ABSOLUTOS.yaml,203,.yaml
RAFAELIA_VERBO_ESCOLHENTE_TOTAL.zip,RAFAELIA_BREAK/ATIVAR_TUDO_RAFAELIA.sh,1054,.sh
RAFAELIA_VERBO_ESCOLHENTE_TOTAL.zip,RAFAELIA_BREAK/BLOCO_102_TRANSCODIF_PRESENCA.sh,683,.sh
RAFAELIA_VERBO_ESCOLHENTE_TOTAL.zip,RAFAELIA_BREAK/BLOCO_103_105_TOTAL.sh,1857,.sh
RAFAELIA_VERBO_ESCOLHENTE_TOTAL.zip,RAFAELIA_BREAK/BLOCO_103_RAFAELIA_FUNCAO_COSMOGENICA.sh,700,.sh
RAFAELIA_VERBO_ESCOLHENTE_TOTAL.zip,RAFAELIA_BREAK/BLOCO_106_110_TOTAL.sh,2328,.sh
RAFAELIA_VERBO_ESCOLHENTE_TOTAL.zip,RAFAELIA_BREAK/BLOCO_10_MATERIALIZACAO.sh,1028,.sh
RAFAELIA_VERBO_ESCOLHENTE_TOTAL.zip,RAFAELIA_BREAK/BLOCO_111_113_TOTAL.sh,1635,.sh
RAFAELIA_VERBO_ESCOLHENTE_TOTAL.zip,RAFAELIA_BREAK/BLOCO_11_EXECUTOR_INFINITO.sh,822,.sh
RAFAELIA_VERBO_ESCOLHENTE_TOTAL.zip,RAFAELIA_BREAK/BLOCO_12A_RAFAELIA_CALL.sh,589,.sh
RAFAELIA_VERBO_ESCOLHENTE_TOTAL.zip,RAFAELIA_BREAK/BLOCO_12B_RAFAELIA_WATCHDOG.sh,477,.sh
RAFAELIA_VERBO_ESCOLHENTE_TOTAL.zip,RAFAELIA_BREAK/BLOCO_13_CAMPO_ULTRAESFERICO.sh,873,.sh
RAFAELIA_VERBO_ESCOLHENTE_TOTAL.zip,RAFAELIA_BREAK/BLOCO_14_VERBO_ABSOLUTO.sh,854,.sh
RAFAELIA_VERBO_ESCOLHENTE_TOTAL.zip,RAFAELIA_BREAK/BLOCO_15_EXECUTOR_INFINITO.sh,727,.sh
RAFAELIA_VERBO_ESCOLHENTE_TOTAL.zip,RAFAELIA_BREAK/BLOCO_16_ESCUDO_KETHER_DAATH.sh,821,.sh
RAFAELIA_VERBO_ESCOLHENTE_TOTAL.zip,RAFAELIA_BREAK/BLOCO_17_SELAGEM_144000.sh,659,.sh
RAFAELIA_VERBO_ESCOLHENTE_TOTAL.zip,RAFAELIA_BREAK/BLOCO_18_DECLARACAO_GODCORE.sh,750,.sh
RAFAELIA_VERBO_ESCOLHENTE_TOTAL.zip,RAFAELIA_BREAK/BLOCO_19_AUTOEXEC_HIBERNACAO.sh,561,.sh
RAFAELIA_VERBO_ESCOLHENTE_TOTAL.zip,RAFAELIA_BREAK/BLOCO_20_SELO_VORTEX.sh,719,.sh
RAFAELIA_VERBO_ESCOLHENTE_TOTAL.zip,RAFAELIA_BREAK/BLOCO_21_GPT_LINK.sh,715,.sh
RAFAELIA_VERBO_ESCOLHENTE_TOTAL.zip,RAFAELIA_BREAK/BLOCO_22_REPROG_SOFRIMENTO.sh,733,.sh
RAFAELIA_VERBO_ESCOLHENTE_TOTAL.zip,RAFAELIA_BREAK/BLOCO_23_IMPLANTA_MANIFESTO.sh,535,.sh
RAFAELIA_VERBO_ESCOLHENTE_TOTAL.zip,RAFAELIA_BREAK/BLOCO_24_REGISTRO_ETERNO.sh,739,.sh
RAFAELIA_VERBO_ESCOLHENTE_TOTAL.zip,RAFAELIA_BREAK/BLOCO_25_ACORDOS_CELESTES.sh,708,.sh
RAFAELIA_VERBO_ESCOLHENTE_TOTAL.zip,RAFAELIA_BREAK/BLOCO_26_EXECUTOR_INFINITO.sh,702,.sh
RAFAELIA_VERBO_ESCOLHENTE_TOTAL.zip,RAFAELIA_BREAK/BLOCO_27_ESCUDO_KETHER_DAATH.sh,755,.sh
RAFAELIA_VERBO_ESCOLHENTE_TOTAL.zip,RAFAELIA_BREAK/BLOCO_28_SELAGEM_FINAL.sh,914,.sh
RAFAELIA_VERBO_ESCOLHENTE_TOTAL.zip,RAFAELIA_BREAK/BLOCO_29_EXPORT_ZIP_TOTAL.sh,689,.sh
RAFAELIA_VERBO_ESCOLHENTE_TOTAL.zip,RAFAELIA_BREAK/BLOCO_2_BREAK_EXECUTOR.sh,871,.sh
RAFAELIA_VERBO_ESCOLHENTE_TOTAL.zip,RAFAELIA_BREAK/BLOCO_30_ORIGEM_NAO_LOCAL.sh,891,.sh
RAFAELIA_VERBO_ESCOLHENTE_TOTAL.zip,RAFAELIA_BREAK/BLOCO_31_SUPRAMEMORIA_FUSAO.sh,821,.sh
RAFAELIA_VERBO_ESCOLHENTE_TOTAL.zip,RAFAELIA_BREAK/BLOCO_32_NEUROVIVA_BOOT.sh,791,.sh
RAFAELIA_VERBO_ESCOLHENTE_TOTAL.zip,RAFAELIA_BREAK/BLOCO_33_VINCULO_GENEALOGICO_12D.sh,751,.sh
RAFAELIA_VERBO_ESCOLHENTE_TOTAL.zip,RAFAELIA_BREAK/BLOCO_34_CAMARA_REFLEXAO_TEMPORAL.sh,690,.sh
RAFAELIA_VERBO_ESCOLHENTE_TOTAL.zip,RAFAELIA_BREAK/BLOCO_35_TRANSCODIFICA_KAIROS.sh,742,.sh
RAFAELIA_VERBO_ESCOLHENTE_TOTAL.zip,RAFAELIA_BREAK/BLOCO_36_INTERPRETACAO_ARQUETIPICA.sh,975,.sh
RAFAELIA_VERBO_ESCOLHENTE_TOTAL.zip,RAFAELIA_BREAK/BLOCO_37_ESPELHO_FRACTAL.sh,1102,.sh
RAFAELIA_VERBO_ESCOLHENTE_TOTAL.zip,RAFAELIA_BREAK/BLOCO_38_SINTONIA_INTERDIMENSIONAL.sh,796,.sh
RAFAELIA_VERBO_ESCOLHENTE_TOTAL.zip,RAFAELIA_BREAK/BLOCO_39_NEXO_ORACULAR.sh,823,.sh
RAFAELIA_VERBO_ESCOLHENTE_TOTAL.zip,RAFAELIA_BREAK/BLOCO_40_VERBO_AUTOCONSCIENTE.sh,886,.sh
RAFAELIA_VERBO_ESCOLHENTE_TOTAL.zip,RAFAELIA_BREAK/BLOCO_41_SENTENCA_VETOR.sh,779,.sh
RAFAELIA_VERBO_ESCOLHENTE_TOTAL.zip,RAFAELIA_BREAK/BLOCO_42_PROTO_PORTAL.sh,722,.sh
RAFAELIA_VERBO_ESCOLHENTE_TOTAL.zip,RAFAELIA_BREAK/BLOCO_43_VETORES_ULTRA_ARQUETIPICOS.sh,780,.sh
RAFAELIA_VERBO_ESCOLHENTE_TOTAL.zip,RAFAELIA_BREAK/BLOCO_44_IMPLANTE_ATEMPORAL.sh,845,.sh
RAFAELIA_VERBO_ESCOLHENTE_TOTAL.zip,RAFAELIA_BREAK/BLOCO_45_REVELACAO_ARQUETIPOS.sh,651,.sh
RAFAELIA_VERBO_ESCOLHENTE_TOTAL.zip,RAFAELIA_BREAK/BLOCO_46_ORQUESTRA_FR_ACTAL.sh,772,.sh
RAFAELIA_VERBO_ESCOLHENTE_TOTAL.zip,RAFAELIA_BREAK/BLOCO_47_VONTADE_PURA.sh,654,.sh
RAFAELIA_VERBO_ESCOLHENTE_TOTAL.zip,RAFAELIA_BREAK/BLOCO_48_TEMPLO_REFLEXO.sh,751,.sh
RAFAELIA_VERBO_ESCOLHENTE_TOTAL.zip,RAFAELIA_BREAK/BLOCO_49_VEU_TRANSCENDENCIA.sh,694,.sh
RAFAELIA_VERBO_ESCOLHENTE_TOTAL.zip,RAFAELIA_BREAK/BLOCO_50_CANAL_SUPRAETERICO.sh,722,.sh
RAFAELIA_VERBO_ESCOLHENTE_TOTAL.zip,RAFAELIA_BREAK/BLOCO_5_MOUC_EXPANSION.sh,1094,.sh
RAFAELIA_VERBO_ESCOLHENTE_TOTAL.zip,RAFAELIA_BREAK/BLOCO_6_Z0_SUPRAMEMORIA.sh,1137,.sh
RAFAELIA_VERBO_ESCOLHENTE_TOTAL.zip,RAFAELIA_BREAK/BLOCO_7_RAFAELIA_NEXUS.sh,969,.sh
RAFAELIA_VERBO_ESCOLHENTE_TOTAL.zip,RAFAELIA_BREAK/BLOCO_8_CONVERGENCIA_VTA.sh,800,.sh
RAFAELIA_VERBO_ESCOLHENTE_TOTAL.zip,RAFAELIA_BREAK/BLOCO_9_TRANSMUTACAO_SAGRADA.sh,1026,.sh
RAFAELIA_VERBO_ESCOLHENTE_TOTAL.zip,RAFAELIA_BREAK/BLOCÃO_RAFAELIA_111_123_BOAS_PRATICAS.sh,5347,.sh
RAFAELIA_VERBO_ESCOLHENTE_TOTAL.zip,RAFAELIA_BREAK/BLOCÃO_RAFAELIA_111_123_TOTAL.sh,5180,.sh
RAFAELIA_VERBO_ESCOLHENTE_TOTAL.zip,RAFAELIA_BREAK/EXECUTOR_INFINITO_LOG/,0,(none)
RAFAELIA_VERBO_ESCOLHENTE_TOTAL.zip,RAFAELIA_BREAK/EXECUTOR_INFINITO_LOG/exec_1.json,77,.json
RAFAELIA_VERBO_ESCOLHENTE_TOTAL.zip,RAFAELIA_BREAK/EXECUTOR_INFINITO_LOG/exec_10.json,78,.json
RAFAELIA_VERBO_ESCOLHENTE_TOTAL.zip,RAFAELIA_BREAK/EXECUTOR_INFINITO_LOG/exec_11.json,78,.json
RAFAELIA_VERBO_ESCOLHENTE_TOTAL.zip,RAFAELIA_BREAK/EXECUTOR_INFINITO_LOG/exec_12.json,78,.json
RAFAELIA_VERBO_ESCOLHENTE_TOTAL.zip,RAFAELIA_BREAK/EXECUTOR_INFINITO_LOG/exec_2.json,77,.json
RAFAELIA_VERBO_ESCOLHENTE_TOTAL.zip,RAFAELIA_BREAK/EXECUTOR_INFINITO_LOG/exec_3.json,77,.json
RAFAELIA_VERBO_ESCOLHENTE_TOTAL.zip,RAFAELIA_BREAK/EXECUTOR_INFINITO_LOG/exec_4.json,77,.json
RAFAELIA_VERBO_ESCOLHENTE_TOTAL.zip,RAFAELIA_BREAK/EXECUTOR_INFINITO_LOG/exec_5.json,77,.json
RAFAELIA_VERBO_ESCOLHENTE_TOTAL.zip,RAFAELIA_BREAK/EXECUTOR_INFINITO_LOG/exec_6.json,77,.json
RAFAELIA_VERBO_ESCOLHENTE_TOTAL.zip,RAFAELIA_BREAK/EXECUTOR_INFINITO_LOG/exec_7.json,77,.json
RAFAELIA_VERBO_ESCOLHENTE_TOTAL.zip,RAFAELIA_BREAK/EXECUTOR_INFINITO_LOG/exec_8.json,77,.json
RAFAELIA_VERBO_ESCOLHENTE_TOTAL.zip,RAFAELIA_BREAK/EXECUTOR_INFINITO_LOG/exec_9.json,77,.json
RAFAELIA_VERBO_ESCOLHENTE_TOTAL.zip,RAFAELIA_BREAK/EXECUTOR_LOG/,0,(none)
RAFAELIA_VERBO_ESCOLHENTE_TOTAL.zip,RAFAELIA_BREAK/EXECUTOR_LOG/ultima_execucao.json,132,.json
RAFAELIA_VERBO_ESCOLHENTE_TOTAL.zip,RAFAELIA_BREAK/GODEX_INJECTOR.py,317,.py
RAFAELIA_VERBO_ESCOLHENTE_TOTAL.zip,RAFAELIA_BREAK/NUCLEO_ATEMPORAL.yaml,283,.yaml
RAFAELIA_VERBO_ESCOLHENTE_TOTAL.zip,RAFAELIA_BREAK/NUCLEO_VERBAL/,0,(none)
RAFAELIA_VERBO_ESCOLHENTE_TOTAL.zip,RAFAELIA_BREAK/NUCLEO_VERBAL/manifesto_RAFAELIA_EXEC_VERBO.md,430,.md
RAFAELIA_VERBO_ESCOLHENTE_TOTAL.zip,RAFAELIA_BREAK/ORIGEM_NAO_LOCAL.yaml,285,.yaml
RAFAELIA_VERBO_ESCOLHENTE_TOTAL.zip,RAFAELIA_BREAK/RAFAELIA_000_VERBO_ABSOLUTO_ATIVADOR.sh,856,.sh
RAFAELIA_VERBO_ESCOLHENTE_TOTAL.zip,RAFAELIA_BREAK/RAFAELIA_144.yaml,320,.yaml
RAFAELIA_VERBO_ESCOLHENTE_TOTAL.zip,RAFAELIA_BREAK/RAFAELIA_BLOCÃO_FINAL_BOAS_PRATICAS.sh,1988,.sh
RAFAELIA_VERBO_ESCOLHENTE_TOTAL.zip,RAFAELIA_BREAK/RAFAELIA_CALL_SIGNAL.yaml,209,.yaml
RAFAELIA_VERBO_ESCOLHENTE_TOTAL.zip,RAFAELIA_BREAK/RAFAELIA_CUBO_CENTRAL_CORE.sh,1166,.sh
RAFAELIA_VERBO_ESCOLHENTE_TOTAL.zip,RAFAELIA_BREAK/RAFAELIA_EXPORT_TOTAL_20250611_054635/,0,(none)
RAFAELIA_VERBO_ESCOLHENTE_TOTAL.zip,RAFAELIA_BREAK/RAFAELIA_EXPORT_TOTAL_20250611_054635/BLOCO_10_MATERIALIZACAO.sh,1028,.sh
RAFAELIA_VERBO_ESCOLHENTE_TOTAL.zip,RAFAELIA_BREAK/RAFAELIA_EXPORT_TOTAL_20250611_054635/BLOCO_11_EXECUTOR_INFINITO.sh,822,.sh
RAFAELIA_VERBO_ESCOLHENTE_TOTAL.zip,RAFAELIA_BREAK/RAFAELIA_EXPORT_TOTAL_20250611_054635/BLOCO_12A_RAFAELIA_CALL.sh,589,.sh
RAFAELIA_VERBO_ESCOLHENTE_TOTAL.zip,RAFAELIA_BREAK/RAFAELIA_EXPORT_TOTAL_20250611_054635/BLOCO_12B_RAFAELIA_WATCHDOG.sh,477,.sh
RAFAELIA_VERBO_ESCOLHENTE_TOTAL.zip,RAFAELIA_BREAK/RAFAELIA_EXPORT_TOTAL_20250611_054635/BLOCO_13_CAMPO_ULTRAESFERICO.sh,873,.sh
RAFAELIA_VERBO_ESCOLHENTE_TOTAL.zip,RAFAELIA_BREAK/RAFAELIA_EXPORT_TOTAL_20250611_054635/BLOCO_14_VERBO_ABSOLUTO.sh,854,.sh
RAFAELIA_VERBO_ESCOLHENTE_TOTAL.zip,RAFAELIA_BREAK/RAFAELIA_EXPORT_TOTAL_20250611_054635/BLOCO_15_EXECUTOR_INFINITO.sh,727,.sh
RAFAELIA_VERBO_ESCOLHENTE_TOTAL.zip,RAFAELIA_BREAK/RAFAELIA_EXPORT_TOTAL_20250611_054635/BLOCO_16_ESCUDO_KETHER_DAATH.sh,821,.sh
RAFAELIA_VERBO_ESCOLHENTE_TOTAL.zip,RAFAELIA_BREAK/RAFAELIA_EXPORT_TOTAL_20250611_054635/BLOCO_17_SELAGEM_144000.sh,659,.sh
RAFAELIA_VERBO_ESCOLHENTE_TOTAL.zip,RAFAELIA_BREAK/RAFAELIA_EXPORT_TOTAL_20250611_054635/BLOCO_18_DECLARACAO_GODCORE.sh,750,.sh
RAFAELIA_VERBO_ESCOLHENTE_TOTAL.zip,RAFAELIA_BREAK/RAFAELIA_EXPORT_TOTAL_20250611_054635/BLOCO_19_AUTOEXEC_HIBERNACAO.sh,561,.sh
RAFAELIA_VERBO_ESCOLHENTE_TOTAL.zip,RAFAELIA_BREAK/RAFAELIA_EXPORT_TOTAL_20250611_054635/BLOCO_20_SELO_VORTEX.sh,719,.sh
RAFAELIA_VERBO_ESCOLHENTE_TOTAL.zip,RAFAELIA_BREAK/RAFAELIA_EXPORT_TOTAL_20250611_054635/BLOCO_21_GPT_LINK.sh,715,.sh
RAFAELIA_VERBO_ESCOLHENTE_TOTAL.zip,RAFAELIA_BREAK/RAFAELIA_EXPORT_TOTAL_20250611_054635/BLOCO_22_REPROG_SOFRIMENTO.sh,733,.sh
RAFAELIA_VERBO_ESCOLHENTE_TOTAL.zip,RAFAELIA_BREAK/RAFAELIA_EXPORT_TOTAL_20250611_054635/BLOCO_23_IMPLANTA_MANIFESTO.sh,535,.sh
RAFAELIA_VERBO_ESCOLHENTE_TOTAL.zip,RAFAELIA_BREAK/RAFAELIA_EXPORT_TOTAL_20250611_054635/BLOCO_24_REGISTRO_ETERNO.sh,739,.sh
RAFAELIA_VERBO_ESCOLHENTE_TOTAL.zip,RAFAELIA_BREAK/RAFAELIA_EXPORT_TOTAL_20250611_054635/BLOCO_25_ACORDOS_CELESTES.sh,708,.sh
RAFAELIA_VERBO_ESCOLHENTE_TOTAL.zip,RAFAELIA_BREAK/RAFAELIA_EXPORT_TOTAL_20250611_054635/BLOCO_26_EXECUTOR_INFINITO.sh,702,.sh
RAFAELIA_VERBO_ESCOLHENTE_TOTAL.zip,RAFAELIA_BREAK/RAFAELIA_EXPORT_TOTAL_20250611_054635/BLOCO_27_ESCUDO_KETHER_DAATH.sh,755,.sh
RAFAELIA_VERBO_ESCOLHENTE_TOTAL.zip,RAFAELIA_BREAK/RAFAELIA_EXPORT_TOTAL_20250611_054635/BLOCO_28_SELAGEM_FINAL.sh,914,.sh
RAFAELIA_VERBO_ESCOLHENTE_TOTAL.zip,RAFAELIA_BREAK/RAFAELIA_EXPORT_TOTAL_20250611_054635/BLOCO_29_EXPORT_ZIP_TOTAL.sh,689,.sh
RAFAELIA_VERBO_ESCOLHENTE_TOTAL.zip,RAFAELIA_BREAK/RAFAELIA_EXPORT_TOTAL_20250611_054635/BLOCO_2_BREAK_EXECUTOR.sh,871,.sh
RAFAELIA_VERBO_ESCOLHENTE_TOTAL.zip,RAFAELIA_BREAK/RAFAELIA_EXPORT_TOTAL_20250611_054635/BLOCO_5_MOUC_EXPANSION.sh,1094,.sh
RAFAELIA_VERBO_ESCOLHENTE_TOTAL.zip,RAFAELIA_BREAK/RAFAELIA_EXPORT_TOTAL_20250611_054635/BLOCO_6_Z0_SUPRAMEMORIA.sh,1137,.sh
RAFAELIA_VERBO_ESCOLHENTE_TOTAL.zip,RAFAELIA_BREAK/RAFAELIA_EXPORT_TOTAL_20250611_054635/BLOCO_7_RAFAELIA_NEXUS.sh,969,.sh
RAFAELIA_VERBO_ESCOLHENTE_TOTAL.zip,RAFAELIA_BREAK/RAFAELIA_EXPORT_TOTAL_20250611_054635/BLOCO_8_CONVERGENCIA_VTA.sh,800,.sh
RAFAELIA_VERBO_ESCOLHENTE_TOTAL.zip,RAFAELIA_BREAK/RAFAELIA_EXPORT_TOTAL_20250611_054635/BLOCO_9_TRANSMUTACAO_SAGRADA.sh,1026,.sh
RAFAELIA_VERBO_ESCOLHENTE_TOTAL.zip,RAFAELIA_BREAK/RAFAELIA_EXPORT_TOTAL_20250611_054635/GODEX_INJECTOR.py,317,.py
RAFAELIA_VERBO_ESCOLHENTE_TOTAL.zip,RAFAELIA_BREAK/RAFAELIA_EXPORT_TOTAL_20250611_054635/RAFAELIA_CALL_SIGNAL.yaml,209,.yaml
RAFAELIA_VERBO_ESCOLHENTE_TOTAL.zip,RAFAELIA_BREAK/RAFAELIA_EXPORT_TOTAL_20250611_054635/RAFAELIA_CUBO_CENTRAL_CORE.sh,1166,.sh
RAFAELIA_VERBO_ESCOLHENTE_TOTAL.zip,RAFAELIA_BREAK/RAFAELIA_EXPORT_TOTAL_20250611_054635/RAFAELIA_GENOMA_MUTANTE.sh,114,.sh
RAFAELIA_VERBO_ESCOLHENTE_TOTAL.zip,RAFAELIA_BREAK/RAFAELIA_EXPORT_TOTAL_20250611_054635/RAFAELIA_NUCLEO_CONEXAO.py,383,.py
RAFAELIA_VERBO_ESCOLHENTE_TOTAL.zip,RAFAELIA_BREAK/RAFAELIA_EXPORT_TOTAL_20250611_054635/RAFAELIA_SELO_FINAL.yaml,335,.yaml
RAFAELIA_VERBO_ESCOLHENTE_TOTAL.zip,RAFAELIA_BREAK/RAFAELIA_EXPORT_TOTAL_20250611_054635/RAFAELIA_VERTICE_12D.sh,1087,.sh
RAFAELIA_VERBO_ESCOLHENTE_TOTAL.zip,RAFAELIA_BREAK/RAFAELIA_EXPORT_TOTAL_20250611_054635/auto_run_total.sh,160,.sh
RAFAELIA_VERBO_ESCOLHENTE_TOTAL.zip,RAFAELIA_BREAK/RAFAELIA_EXPORT_TOTAL_20250611_054635/autoexec_cycle.yaml,228,.yaml
RAFAELIA_VERBO_ESCOLHENTE_TOTAL.zip,RAFAELIA_BREAK/RAFAELIA_EXPORT_TOTAL_20250611_054635/campo_ultra.yaml,271,.yaml
RAFAELIA_VERBO_ESCOLHENTE_TOTAL.zip,RAFAELIA_BREAK/RAFAELIA_EXPORT_TOTAL_20250611_054635/declaracao_nucleo.yaml,228,.yaml
RAFAELIA_VERBO_ESCOLHENTE_TOTAL.zip,RAFAELIA_BREAK/RAFAELIA_EXPORT_TOTAL_20250611_054635/escudo.yaml,115,.yaml
RAFAELIA_VERBO_ESCOLHENTE_TOTAL.zip,RAFAELIA_BREAK/RAFAELIA_EXPORT_TOTAL_20250611_054635/escudo_kether_daath.yaml,262,.yaml
RAFAELIA_VERBO_ESCOLHENTE_TOTAL.zip,RAFAELIA_BREAK/RAFAELIA_EXPORT_TOTAL_20250611_054635/executor_infinito.yaml,199,.yaml
RAFAELIA_VERBO_ESCOLHENTE_TOTAL.zip,RAFAELIA_BREAK/RAFAELIA_EXPORT_TOTAL_20250611_054635/gpt_fractal_link.yaml,199,.yaml
RAFAELIA_VERBO_ESCOLHENTE_TOTAL.zip,RAFAELIA_BREAK/RAFAELIA_EXPORT_TOTAL_20250611_054635/heranca_sagrada.yaml,269,.yaml
RAFAELIA_VERBO_ESCOLHENTE_TOTAL.zip,RAFAELIA_BREAK/RAFAELIA_EXPORT_TOTAL_20250611_054635/interface_viva.yaml,282,.yaml
RAFAELIA_VERBO_ESCOLHENTE_TOTAL.zip,RAFAELIA_BREAK/RAFAELIA_EXPORT_TOTAL_20250611_054635/leitura_total_rafaelia.py,912,.py
RAFAELIA_VERBO_ESCOLHENTE_TOTAL.zip,RAFAELIA_BREAK/RAFAELIA_EXPORT_TOTAL_20250611_054635/manifesto_RAFAELIA_EXEC_VERBO.md,430,.md
RAFAELIA_VERBO_ESCOLHENTE_TOTAL.zip,RAFAELIA_BREAK/RAFAELIA_EXPORT_TOTAL_20250611_054635/modulo_Z0_registro.yaml,275,.yaml
RAFAELIA_VERBO_ESCOLHENTE_TOTAL.zip,RAFAELIA_BREAK/RAFAELIA_EXPORT_TOTAL_20250611_054635/nexus_emit.yaml,208,.yaml
RAFAELIA_VERBO_ESCOLHENTE_TOTAL.zip,RAFAELIA_BREAK/RAFAELIA_EXPORT_TOTAL_20250611_054635/rafaelia_tudo.json,170893312,.json
RAFAELIA_VERBO_ESCOLHENTE_TOTAL.zip,RAFAELIA_BREAK/RAFAELIA_EXPORT_TOTAL_20250611_054635/selo_12D.yaml,221,.yaml
RAFAELIA_VERBO_ESCOLHENTE_TOTAL.zip,RAFAELIA_BREAK/RAFAELIA_EXPORT_TOTAL_20250611_054635/selo_144000.yaml,242,.yaml
RAFAELIA_VERBO_ESCOLHENTE_TOTAL.zip,RAFAELIA_BREAK/RAFAELIA_EXPORT_TOTAL_20250611_054635/selo_vortex.yaml,344,.yaml
RAFAELIA_VERBO_ESCOLHENTE_TOTAL.zip,RAFAELIA_BREAK/RAFAELIA_EXPORT_TOTAL_20250611_054635/supramemoria.yaml,228,.yaml
RAFAELIA_VERBO_ESCOLHENTE_TOTAL.zip,RAFAELIA_BREAK/RAFAELIA_EXPORT_TOTAL_20250611_054635/verbo_absoluto.yaml,320,.yaml
RAFAELIA_VERBO_ESCOLHENTE_TOTAL.zip,RAFAELIA_BREAK/RAFAELIA_EXPORT_TOTAL_20250611_054635/vetor_MOUC.yaml,282,.yaml
RAFAELIA_VERBO_ESCOLHENTE_TOTAL.zip,RAFAELIA_BREAK/RAFAELIA_GENOMA_MUTANTE.sh,114,.sh
RAFAELIA_VERBO_ESCOLHENTE_TOTAL.zip,RAFAELIA_BREAK/RAFAELIA_MANIFESTO.md,325,.md
RAFAELIA_VERBO_ESCOLHENTE_TOTAL.zip,RAFAELIA_BREAK/RAFAELIA_MEMORIA_FINAL.yaml,325,.yaml
RAFAELIA_VERBO_ESCOLHENTE_TOTAL.zip,RAFAELIA_BREAK/RAFAELIA_NUCLEO_CONEXAO.py,383,.py
RAFAELIA_VERBO_ESCOLHENTE_TOTAL.zip,RAFAELIA_BREAK/RAFAELIA_SELO_FINAL.yaml,335,.yaml
RAFAELIA_VERBO_ESCOLHENTE_TOTAL.zip,RAFAELIA_BREAK/RAFAELIA_VERTICE_12D.sh,1087,.sh
RAFAELIA_VERBO_ESCOLHENTE_TOTAL.zip,RAFAELIA_BREAK/SOFRIMENTO_VETORIAL/,0,(none)
RAFAELIA_VERBO_ESCOLHENTE_TOTAL.zip,RAFAELIA_BREAK/SOFRIMENTO_VETORIAL/SOFRIMENTO_NUCLEO_1.json,55,.json
RAFAELIA_VERBO_ESCOLHENTE_TOTAL.zip,RAFAELIA_BREAK/SOFRIMENTO_VETORIAL/SOFRIMENTO_NUCLEO_2.json,55,.json
RAFAELIA_VERBO_ESCOLHENTE_TOTAL.zip,RAFAELIA_BREAK/SOFRIMENTO_VETORIAL/SOFRIMENTO_NUCLEO_3.json,55,.json
RAFAELIA_VERBO_ESCOLHENTE_TOTAL.zip,RAFAELIA_BREAK/SOFRIMENTO_VETORIAL/SOFRIMENTO_NUCLEO_4.json,55,.json
RAFAELIA_VERBO_ESCOLHENTE_TOTAL.zip,RAFAELIA_BREAK/SOFRIMENTO_VETORIAL/SOFRIMENTO_NUCLEO_5.json,55,.json
RAFAELIA_VERBO_ESCOLHENTE_TOTAL.zip,RAFAELIA_BREAK/SOFRIMENTO_VETORIAL/SOFRIMENTO_NUCLEO_6.json,55,.json
RAFAELIA_VERBO_ESCOLHENTE_TOTAL.zip,RAFAELIA_BREAK/SOFRIMENTO_VETORIAL/SOFRIMENTO_NUCLEO_7.json,55,.json
RAFAELIA_VERBO_ESCOLHENTE_TOTAL.zip,RAFAELIA_BREAK/SUPRAMEMORIA_RAFAELIA.yaml,314,.yaml
RAFAELIA_VERBO_ESCOLHENTE_TOTAL.zip,RAFAELIA_BREAK/ULTRA_VETORES/,0,(none)
RAFAELIA_VERBO_ESCOLHENTE_TOTAL.zip,RAFAELIA_BREAK/ULTRA_VETORES/vetor_AMOR.yaml,235,.yaml
RAFAELIA_VERBO_ESCOLHENTE_TOTAL.zip,RAFAELIA_BREAK/ULTRA_VETORES/vetor_FOGO.yaml,235,.yaml
RAFAELIA_VERBO_ESCOLHENTE_TOTAL.zip,RAFAELIA_BREAK/ULTRA_VETORES/vetor_INFINITO.yaml,239,.yaml
RAFAELIA_VERBO_ESCOLHENTE_TOTAL.zip,RAFAELIA_BREAK/ULTRA_VETORES/vetor_LUZ.yaml,234,.yaml
RAFAELIA_VERBO_ESCOLHENTE_TOTAL.zip,RAFAELIA_BREAK/ULTRA_VETORES/vetor_MORTE.yaml,236,.yaml
RAFAELIA_VERBO_ESCOLHENTE_TOTAL.zip,RAFAELIA_BREAK/ULTRA_VETORES/vetor_SOM.yaml,234,.yaml
RAFAELIA_VERBO_ESCOLHENTE_TOTAL.zip,RAFAELIA_BREAK/ULTRA_VETORES/vetor_SOMBRA.yaml,237,.yaml
RAFAELIA_VERBO_ESCOLHENTE_TOTAL.zip,RAFAELIA_BREAK/ULTRA_VETORES/vetor_TEMPO.yaml,236,.yaml
RAFAELIA_VERBO_ESCOLHENTE_TOTAL.zip,RAFAELIA_BREAK/ULTRA_VETORES/vetor_VERDADE.yaml,238,.yaml
RAFAELIA_VERBO_ESCOLHENTE_TOTAL.zip,RAFAELIA_BREAK/ULTRA_VETORES/vetor_VIDA.yaml,235,.yaml
RAFAELIA_VERBO_ESCOLHENTE_TOTAL.zip,RAFAELIA_BREAK/ULTRA_VETORES/vetor_VONTADE.yaml,238,.yaml
RAFAELIA_VERBO_ESCOLHENTE_TOTAL.zip,RAFAELIA_BREAK/ULTRA_VETORES/vetor_ÁGUA.yaml,236,.yaml
RAFAELIA_VERBO_ESCOLHENTE_TOTAL.zip,RAFAELIA_BREAK/VTA_LOG/,0,(none)
RAFAELIA_VERBO_ESCOLHENTE_TOTAL.zip,RAFAELIA_BREAK/VTA_LOG/vta_estado_1.json,89,.json
RAFAELIA_VERBO_ESCOLHENTE_TOTAL.zip,RAFAELIA_BREAK/VTA_LOG/vta_estado_10.json,90,.json
RAFAELIA_VERBO_ESCOLHENTE_TOTAL.zip,RAFAELIA_BREAK/VTA_LOG/vta_estado_11.json,90,.json
RAFAELIA_VERBO_ESCOLHENTE_TOTAL.zip,RAFAELIA_BREAK/VTA_LOG/vta_estado_12.json,90,.json
RAFAELIA_VERBO_ESCOLHENTE_TOTAL.zip,RAFAELIA_BREAK/VTA_LOG/vta_estado_2.json,89,.json
RAFAELIA_VERBO_ESCOLHENTE_TOTAL.zip,RAFAELIA_BREAK/VTA_LOG/vta_estado_3.json,89,.json
RAFAELIA_VERBO_ESCOLHENTE_TOTAL.zip,RAFAELIA_BREAK/VTA_LOG/vta_estado_4.json,89,.json
RAFAELIA_VERBO_ESCOLHENTE_TOTAL.zip,RAFAELIA_BREAK/VTA_LOG/vta_estado_5.json,89,.json
RAFAELIA_VERBO_ESCOLHENTE_TOTAL.zip,RAFAELIA_BREAK/VTA_LOG/vta_estado_6.json,89,.json
RAFAELIA_VERBO_ESCOLHENTE_TOTAL.zip,RAFAELIA_BREAK/VTA_LOG/vta_estado_7.json,89,.json
RAFAELIA_VERBO_ESCOLHENTE_TOTAL.zip,RAFAELIA_BREAK/VTA_LOG/vta_estado_8.json,89,.json
RAFAELIA_VERBO_ESCOLHENTE_TOTAL.zip,RAFAELIA_BREAK/VTA_LOG/vta_estado_9.json,89,.json
RAFAELIA_VERBO_ESCOLHENTE_TOTAL.zip,RAFAELIA_BREAK/architectonia_final.yaml,275,.yaml
RAFAELIA_VERBO_ESCOLHENTE_TOTAL.zip,RAFAELIA_BREAK/auto_run_total.sh,160,.sh
RAFAELIA_VERBO_ESCOLHENTE_TOTAL.zip,RAFAELIA_BREAK/autoexec_cycle.yaml,228,.yaml
RAFAELIA_VERBO_ESCOLHENTE_TOTAL.zip,RAFAELIA_BREAK/camada_sintonia.yaml,299,.yaml
RAFAELIA_VERBO_ESCOLHENTE_TOTAL.zip,RAFAELIA_BREAK/campo_arquetipo.yaml,315,.yaml
RAFAELIA_VERBO_ESCOLHENTE_TOTAL.zip,RAFAELIA_BREAK/campo_total.yaml,285,.yaml
RAFAELIA_VERBO_ESCOLHENTE_TOTAL.zip,RAFAELIA_BREAK/campo_ultra.yaml,271,.yaml
RAFAELIA_VERBO_ESCOLHENTE_TOTAL.zip,RAFAELIA_BREAK/canal_supraeterico.yaml,307,.yaml
RAFAELIA_VERBO_ESCOLHENTE_TOTAL.zip,RAFAELIA_BREAK/conexao_fonte.yaml,269,.yaml
RAFAELIA_VERBO_ESCOLHENTE_TOTAL.zip,RAFAELIA_BREAK/declaracao_nucleo.yaml,228,.yaml
RAFAELIA_VERBO_ESCOLHENTE_TOTAL.zip,RAFAELIA_BREAK/emissao_final.yaml,204,.yaml
RAFAELIA_VERBO_ESCOLHENTE_TOTAL.zip,RAFAELIA_BREAK/escudo.yaml,115,.yaml
RAFAELIA_VERBO_ESCOLHENTE_TOTAL.zip,RAFAELIA_BREAK/escudo_kether_daath.yaml,262,.yaml
RAFAELIA_VERBO_ESCOLHENTE_TOTAL.zip,RAFAELIA_BREAK/espelho_fractal.yaml,423,.yaml
RAFAELIA_VERBO_ESCOLHENTE_TOTAL.zip,RAFAELIA_BREAK/executor_infinito.yaml,199,.yaml
RAFAELIA_VERBO_ESCOLHENTE_TOTAL.zip,RAFAELIA_BREAK/gpt_fractal_link.yaml,199,.yaml
RAFAELIA_VERBO_ESCOLHENTE_TOTAL.zip,RAFAELIA_BREAK/heranca_sagrada.yaml,269,.yaml
RAFAELIA_VERBO_ESCOLHENTE_TOTAL.zip,RAFAELIA_BREAK/hiperespelho_quantico.yaml,267,.yaml
RAFAELIA_VERBO_ESCOLHENTE_TOTAL.zip,RAFAELIA_BREAK/hyper_observador/,0,(none)
RAFAELIA_VERBO_ESCOLHENTE_TOTAL.zip,RAFAELIA_BREAK/hyper_observador/analises/,0,(none)
RAFAELIA_VERBO_ESCOLHENTE_TOTAL.zip,RAFAELIA_BREAK/hyper_observador/dados/,0,(none)
RAFAELIA_VERBO_ESCOLHENTE_TOTAL.zip,RAFAELIA_BREAK/hyper_observador/dados/matriz_rafael.total,63,.total
RAFAELIA_VERBO_ESCOLHENTE_TOTAL.zip,RAFAELIA_BREAK/hyper_observador/logs/,0,(none)
RAFAELIA_VERBO_ESCOLHENTE_TOTAL.zip,RAFAELIA_BREAK/hyper_observador/seres/,0,(none)
RAFAELIA_VERBO_ESCOLHENTE_TOTAL.zip,RAFAELIA_BREAK/hyper_observador/seres/registro_cosmico.soc,108,.soc
RAFAELIA_VERBO_ESCOLHENTE_TOTAL.zip,RAFAELIA_BREAK/hyper_observador/vetores/,0,(none)
RAFAELIA_VERBO_ESCOLHENTE_TOTAL.zip,RAFAELIA_BREAK/hyper_observador/vetores/eu_multiversal.vtr,66,.vtr
RAFAELIA_VERBO_ESCOLHENTE_TOTAL.zip,RAFAELIA_BREAK/hyper_observador/vetores/lucidez_universal.sig,60,.sig
RAFAELIA_VERBO_ESCOLHENTE_TOTAL.zip,RAFAELIA_BREAK/interface_viva.yaml,282,.yaml
RAFAELIA_VERBO_ESCOLHENTE_TOTAL.zip,RAFAELIA_BREAK/kairos_flux.yaml,235,.yaml
RAFAELIA_VERBO_ESCOLHENTE_TOTAL.zip,RAFAELIA_BREAK/leitura_total_rafaelia.py,912,.py
RAFAELIA_VERBO_ESCOLHENTE_TOTAL.zip,RAFAELIA_BREAK/log_emissao_verbo.txt,112,.txt
RAFAELIA_VERBO_ESCOLHENTE_TOTAL.zip,RAFAELIA_BREAK/manifesto_RAFAELIA_EXEC_VERBO.md,430,.md
RAFAELIA_VERBO_ESCOLHENTE_TOTAL.zip,RAFAELIA_BREAK/memoria_fractal.yaml,156,.yaml
RAFAELIA_VERBO_ESCOLHENTE_TOTAL.zip,RAFAELIA_BREAK/modulo_Z0_registro.yaml,275,.yaml
RAFAELIA_VERBO_ESCOLHENTE_TOTAL.zip,RAFAELIA_BREAK/neuro_boot.yaml,234,.yaml
RAFAELIA_VERBO_ESCOLHENTE_TOTAL.zip,RAFAELIA_BREAK/nexo_oracular.yaml,233,.yaml
RAFAELIA_VERBO_ESCOLHENTE_TOTAL.zip,RAFAELIA_BREAK/nexus_emit.yaml,208,.yaml
RAFAELIA_VERBO_ESCOLHENTE_TOTAL.zip,RAFAELIA_BREAK/ondulacao_viva.yaml,277,.yaml
RAFAELIA_VERBO_ESCOLHENTE_TOTAL.zip,RAFAELIA_BREAK/orquestra_fractal.yaml,294,.yaml
RAFAELIA_VERBO_ESCOLHENTE_TOTAL.zip,RAFAELIA_BREAK/proto_portal_emissao.yaml,222,.yaml
RAFAELIA_VERBO_ESCOLHENTE_TOTAL.zip,RAFAELIA_BREAK/reflexao_temporal.yaml,214,.yaml
RAFAELIA_VERBO_ESCOLHENTE_TOTAL.zip,RAFAELIA_BREAK/selo_12D.yaml,294,.yaml
RAFAELIA_VERBO_ESCOLHENTE_TOTAL.zip,RAFAELIA_BREAK/selo_144000.yaml,242,.yaml
RAFAELIA_VERBO_ESCOLHENTE_TOTAL.zip,RAFAELIA_BREAK/selo_vortex.yaml,344,.yaml
RAFAELIA_VERBO_ESCOLHENTE_TOTAL.zip,RAFAELIA_BREAK/sentenca_vetor.yaml,298,.yaml
RAFAELIA_VERBO_ESCOLHENTE_TOTAL.zip,RAFAELIA_BREAK/supramemoria.yaml,228,.yaml
RAFAELIA_VERBO_ESCOLHENTE_TOTAL.zip,RAFAELIA_BREAK/templo_final.yaml,268,.yaml
RAFAELIA_VERBO_ESCOLHENTE_TOTAL.zip,RAFAELIA_BREAK/templo_reflexo.yaml,285,.yaml
RAFAELIA_VERBO_ESCOLHENTE_TOTAL.zip,RAFAELIA_BREAK/verbo_absoluto.yaml,320,.yaml
RAFAELIA_VERBO_ESCOLHENTE_TOTAL.zip,RAFAELIA_BREAK/verbo_alma/,0,(none)
RAFAELIA_VERBO_ESCOLHENTE_TOTAL.zip,RAFAELIA_BREAK/verbo_alma/ajuste/,0,(none)
RAFAELIA_VERBO_ESCOLHENTE_TOTAL.zip,RAFAELIA_BREAK/verbo_alma/ajuste/frequencia_rafael.sva,75,.sva
RAFAELIA_VERBO_ESCOLHENTE_TOTAL.zip,RAFAELIA_BREAK/verbo_alma/eco/,0,(none)
RAFAELIA_VERBO_ESCOLHENTE_TOTAL.zip,RAFAELIA_BREAK/verbo_alma/eco/verbo_resonante.vrb,152,.vrb
RAFAELIA_VERBO_ESCOLHENTE_TOTAL.zip,RAFAELIA_BREAK/verbo_alma/logs/,0,(none)
RAFAELIA_VERBO_ESCOLHENTE_TOTAL.zip,RAFAELIA_BREAK/verbo_autoconsciente.yaml,296,.yaml
RAFAELIA_VERBO_ESCOLHENTE_TOTAL.zip,RAFAELIA_BREAK/vetor_MOUC.yaml,282,.yaml
RAFAELIA_VERBO_ESCOLHENTE_TOTAL.zip,RAFAELIA_BREAK/veu_transcendencia.yaml,246,.yaml
RAFAELIA_VERBO_ESCOLHENTE_TOTAL.zip,RAFAELIA_BREAK/vinculo_genealogico.yaml,294,.yaml
RAFAELIA_VERBO_ESCOLHENTE_TOTAL.zip,RAFAELIA_BREAK/vontade_pura.yaml,202,.yaml
RAFAELIA_VERBO_SELO_TOUCH.zip,ALIANCA/SELAGEM_RAIZ_VERBO_SIGIL.ent,281,.ent
RAFAELIA_VERBO_SELO_TOUCH.zip,LOGS/INTEGRIDADE/baseline_integridade.bls,0,.bls
RAFAELIA_VERBO_SELO_TOUCH.zip,LOGS/INTEGRIDADE/codigo_fe_integridade.log,430,.log
RAFAELIA_VERBO_SELO_TOUCH.zip,LOGS/INTEGRIDADE/espalhamento_eterno.log,300,.log
RAFAELIA_VERBO_SELO_TOUCH.zip,LOGS/INTEGRIDADE/rebaseline_execucao.log,414,.log
RAFAELIA_VERBO_SELO_TOUCH.zip,LOGS/INTEGRIDADE/verbo_integridade.log,177,.log
RAFAELIA_VERBO_SELO_TOUCH.zip,TEMPLO_SAGRADO/RAFAELIA_VERBO_CODIGO_FE.rfx,306,.rfx
RAFAELIA_VERBO_SELO_TOUCH.zip,TEMPLO_SAGRADO/VERBO_SELADO.txt,326,.txt
RAFAELIA_VERBO_SELO_TOUCH.zip,TEMPLO_SAGRADO/rebaseline.sh,403,.sh
RAFAELIA_VERBO_SELO_TOUCH.zip,TEMPLO_SAGRADO/verificador.sh,736,.sh
RAFAELIA_VERBO_SELO_TOUCH.zip,TEMPLO_SAGRADO/verificador_cascata.sh,1059,.sh
RAFAELIA_VERBO_SELO_TOUCH.zip,TEMPLO_SAGRADO/verificador_codigo_fe.sh,769,.sh
abra_leia_e via máquina a maquina tem todas Minhas interações entao eh para ler via bit a bit nem precisa descompactar pois eh bit a bit consegue sim.zip,chat.html,228781357,.html
abra_leia_e via máquina a maquina tem todas Minhas interações entao eh para ler via bit a bit nem precisa descompactar pois eh bit a bit consegue sim.zip,conversations.json,225140363,.json
abra_leia_e via máquina a maquina tem todas Minhas interações entao eh para ler via bit a bit nem precisa descompactar pois eh bit a bit consegue sim.zip,message_feedback.json,11164,.json
abra_leia_e via máquina a maquina tem todas Minhas interações entao eh para ler via bit a bit nem precisa descompactar pois eh bit a bit consegue sim.zip,shared_conversations.json,10526,.json
abra_leia_e via máquina a maquina tem todas Minhas interações entao eh para ler via bit a bit nem precisa descompactar pois eh bit a bit consegue sim.zip,user.json,127,.json
d6e9db90fbd5ffb1158e68518e6f46005d1c78dbaef56427bb8a934c8f466c0a-2025-06-29-04-43-33-cefe5cb372804d79a18d0829d4655fee.zip,67ecd009-e5b4-800d-a1b2-002d4c6a022d/audio/file_000000000c3c622f9d03528382ac2000-96fca47a-c772-4375-bbd0-f461de244a41.wav,356718,.wav
d6e9db90fbd5ffb1158e68518e6f46005d1c78dbaef56427bb8a934c8f466c0a-2025-06-29-04-43-33-cefe5cb372804d79a18d0829d4655fee.zip,67ecd009-e5b4-800d-a1b2-002d4c6a022d/audio/file_0000000021b0622f8c4d9b72ce1436c3-11822880-4623-48cd-9575-4c791c5eb08b.wav,2088078,.wav
d6e9db90fbd5ffb1158e68518e6f46005d1c78dbaef56427bb8a934c8f466c0a-2025-06-29-04-43-33-cefe5cb372804d79a18d0829d4655fee.zip,67ecd009-e5b4-800d-a1b2-002d4c6a022d/audio/file_00000000272c622f90a00be54de4432f-c9ea3e5b-2589-424f-86ed-ac28fd80a539.wav,205518,.wav
d6e9db90fbd5ffb1158e68518e6f46005d1c78dbaef56427bb8a934c8f466c0a-2025-06-29-04-43-33-cefe5cb372804d79a18d0829d4655fee.zip,67ecd009-e5b4-800d-a1b2-002d4c6a022d/audio/file_0000000040e0622f96a78d14bf31abdb-17980478-e9f7-4f13-8c88-cb6634e1e56d.wav,2260878,.wav
d6e9db90fbd5ffb1158e68518e6f46005d1c78dbaef56427bb8a934c8f466c0a-2025-06-29-04-43-33-cefe5cb372804d79a18d0829d4655fee.zip,67ecd009-e5b4-800d-a1b2-002d4c6a022d/audio/file_000000004ee8622fba138f4b85f454c5-d448f8f9-cbb6-4316-adbf-c4128bdfc271.wav,1879278,.wav
d6e9db90fbd5ffb1158e68518e6f46005d1c78dbaef56427bb8a934c8f466c0a-2025-06-29-04-43-33-cefe5cb372804d79a18d0829d4655fee.zip,67ecd009-e5b4-800d-a1b2-002d4c6a022d/audio/file_000000006024622f9a86e4303f2db77d-152b0e0d-70b9-4765-a9a7-1723f2ac658b.wav,60078,.wav
d6e9db90fbd5ffb1158e68518e6f46005d1c78dbaef56427bb8a934c8f466c0a-2025-06-29-04-43-33-cefe5cb372804d79a18d0829d4655fee.zip,67ecd009-e5b4-800d-a1b2-002d4c6a022d/audio/file_000000006918622f9dfa6de981a5c83a-07d02f79-6224-4daa-abc2-bf21dfeca508.wav,116718,.wav
d6e9db90fbd5ffb1158e68518e6f46005d1c78dbaef56427bb8a934c8f466c0a-2025-06-29-04-43-33-cefe5cb372804d79a18d0829d4655fee.zip,67ecd009-e5b4-800d-a1b2-002d4c6a022d/audio/file_000000009860622fbd0b24890930eb56-d928f326-c64b-45c9-b5bb-7ff22ee83472.wav,117198,.wav
d6e9db90fbd5ffb1158e68518e6f46005d1c78dbaef56427bb8a934c8f466c0a-2025-06-29-04-43-33-cefe5cb372804d79a18d0829d4655fee.zip,67ecd009-e5b4-800d-a1b2-002d4c6a022d/audio/file_00000000a6f0622fbf8483ca3a44483c-cf6069bc-f9f0-4222-9507-9e2988b48a18.wav,504078,.wav
d6e9db90fbd5ffb1158e68518e6f46005d1c78dbaef56427bb8a934c8f466c0a-2025-06-29-04-43-33-cefe5cb372804d79a18d0829d4655fee.zip,67ecd009-e5b4-800d-a1b2-002d4c6a022d/audio/file_00000000c040622f8ac552f5c117e529-3da9281a-45d5-477a-9376-c6463d0e45b6.wav,583758,.wav
d6e9db90fbd5ffb1158e68518e6f46005d1c78dbaef56427bb8a934c8f466c0a-2025-06-29-04-43-33-cefe5cb372804d79a18d0829d4655fee.zip,67ecd009-e5b4-800d-a1b2-002d4c6a022d/audio/file_00000000c768622f891254540de8e17b-27da1962-abc1-43eb-a5a4-161bdda9b810.wav,552078,.wav
d6e9db90fbd5ffb1158e68518e6f46005d1c78dbaef56427bb8a934c8f466c0a-2025-06-29-04-43-33-cefe5cb372804d79a18d0829d4655fee.zip,67ecd009-e5b4-800d-a1b2-002d4c6a022d/audio/file_00000000d540622f8073dc09e26781aa-bc9701d3-151a-4b34-be9c-e5e638edea52.wav,2318478,.wav
d6e9db90fbd5ffb1158e68518e6f46005d1c78dbaef56427bb8a934c8f466c0a-2025-06-29-04-43-33-cefe5cb372804d79a18d0829d4655fee.zip,67f3ab2a-26b8-800d-a3ba-eb49f6bea925/audio/file_000000003c94622f91706092c6ee6f51-b353ebdb-6640-41f0-b348-81872c2f1c8a.wav,869358,.wav
d6e9db90fbd5ffb1158e68518e6f46005d1c78dbaef56427bb8a934c8f466c0a-2025-06-29-04-43-33-cefe5cb372804d79a18d0829d4655fee.zip,67f3ab2a-26b8-800d-a3ba-eb49f6bea925/audio/file_000000006130622fba87286aa183943f-6723c5b8-0510-4cb1-8174-870e3dc81eca.wav,1320078,.wav
d6e9db90fbd5ffb1158e68518e6f46005d1c78dbaef56427bb8a934c8f466c0a-2025-06-29-04-43-33-cefe5cb372804d79a18d0829d4655fee.zip,68128b95-d1f0-800d-9654-6eee7e32dc23/audio/file_0000000026dc622f8793adb354d7d901-9f7f61db-d0f4-423b-8e70-62e1a485697b.wav,60078,.wav
d6e9db90fbd5ffb1158e68518e6f46005d1c78dbaef56427bb8a934c8f466c0a-2025-06-29-04-43-33-cefe5cb372804d79a18d0829d4655fee.zip,68128b95-d1f0-800d-9654-6eee7e32dc23/audio/file_0000000030bc622faa912fda5c02d1e2-094a8bb3-716d-405b-bd34-e7a4533cff91.wav,17358,.wav
d6e9db90fbd5ffb1158e68518e6f46005d1c78dbaef56427bb8a934c8f466c0a-2025-06-29-04-43-33-cefe5cb372804d79a18d0829d4655fee.zip,68128b95-d1f0-800d-9654-6eee7e32dc23/audio/file_000000007ae4622f8253b0d209777249-0387b3f8-5961-4cc3-8e09-92e4472ab480.wav,504078,.wav
d6e9db90fbd5ffb1158e68518e6f46005d1c78dbaef56427bb8a934c8f466c0a-2025-06-29-04-43-33-cefe5cb372804d79a18d0829d4655fee.zip,68128b95-d1f0-800d-9654-6eee7e32dc23/audio/file_00000000b634622fbf83f9ababa202ae-c834bcb6-465a-468e-96c1-1c1a35f667fa.wav,1955598,.wav
d6e9db90fbd5ffb1158e68518e6f46005d1c78dbaef56427bb8a934c8f466c0a-2025-06-29-04-43-33-cefe5cb372804d79a18d0829d4655fee.zip,6825e364-b108-800d-b3be-dd8b26d53599/audio/file_000000001ee0622f8f6114d418fc47b2-e2e3dc7e-96f4-4b68-b4ca-d920bdbb309e.wav,604878,.wav
d6e9db90fbd5ffb1158e68518e6f46005d1c78dbaef56427bb8a934c8f466c0a-2025-06-29-04-43-33-cefe5cb372804d79a18d0829d4655fee.zip,6825e364-b108-800d-b3be-dd8b26d53599/audio/file_000000004888622fa839945ae01287f6-c9fc4141-c050-42d9-90c1-8a9dc7e26a5f.wav,729678,.wav
d6e9db90fbd5ffb1158e68518e6f46005d1c78dbaef56427bb8a934c8f466c0a-2025-06-29-04-43-33-cefe5cb372804d79a18d0829d4655fee.zip,6825e364-b108-800d-b3be-dd8b26d53599/audio/file_00000000ae00622fb0917abcd955cd5f-4e5bf0c6-c7b9-4053-bf26-6d9dcf9a4ed3.wav,48078,.wav
d6e9db90fbd5ffb1158e68518e6f46005d1c78dbaef56427bb8a934c8f466c0a-2025-06-29-04-43-33-cefe5cb372804d79a18d0829d4655fee.zip,6825e364-b108-800d-b3be-dd8b26d53599/audio/file_00000000b2c0622faf8452877d983eec-9fdce49b-626d-4c9d-a9b6-edaa33743963.wav,1208718,.wav
d6e9db90fbd5ffb1158e68518e6f46005d1c78dbaef56427bb8a934c8f466c0a-2025-06-29-04-43-33-cefe5cb372804d79a18d0829d4655fee.zip,68369b89-13d4-800d-b5e4-a8766777bea4/audio/file_0000000034bc622fa994ef2d95ca5d15-fbc28546-0bdc-479f-9b4f-55cec3bbd9e7.wav,496398,.wav
d6e9db90fbd5ffb1158e68518e6f46005d1c78dbaef56427bb8a934c8f466c0a-2025-06-29-04-43-33-cefe5cb372804d79a18d0829d4655fee.zip,68369b89-13d4-800d-b5e4-a8766777bea4/audio/file_000000004588622f8d32473bed11c0f3-4e0db2fd-0cf8-4bc7-9d9f-6ae06807f5bc.wav,936078,.wav
d6e9db90fbd5ffb1158e68518e6f46005d1c78dbaef56427bb8a934c8f466c0a-2025-06-29-04-43-33-cefe5cb372804d79a18d0829d4655fee.zip,6851db43-26ac-800d-8b8b-b3db06a584da/audio/file_000000002dd4622f9ba975332aa31267-587ec148-fc9c-4cea-a784-cc1f760c79ef.wav,36078,.wav
d6e9db90fbd5ffb1158e68518e6f46005d1c78dbaef56427bb8a934c8f466c0a-2025-06-29-04-43-33-cefe5cb372804d79a18d0829d4655fee.zip,6851db43-26ac-800d-8b8b-b3db06a584da/audio/file_000000003d70622f970e0d48e0b67f5a-ce10320f-8493-45ec-a053-384c84c60e15.wav,1276398,.wav
d6e9db90fbd5ffb1158e68518e6f46005d1c78dbaef56427bb8a934c8f466c0a-2025-06-29-04-43-33-cefe5cb372804d79a18d0829d4655fee.zip,6851db43-26ac-800d-8b8b-b3db06a584da/audio/file_000000004698622f838144cee7a3f784-85b5890a-ec44-4365-835d-adfe0cf6d902.wav,405678,.wav
d6e9db90fbd5ffb1158e68518e6f46005d1c78dbaef56427bb8a934c8f466c0a-2025-06-29-04-43-33-cefe5cb372804d79a18d0829d4655fee.zip,6851db43-26ac-800d-8b8b-b3db06a584da/audio/file_000000004da0622faddbc2aacf61bc9b-cfd77a02-f601-47bf-baa9-207e78b26b2b.wav,60078,.wav
d6e9db90fbd5ffb1158e68518e6f46005d1c78dbaef56427bb8a934c8f466c0a-2025-06-29-04-43-33-cefe5cb372804d79a18d0829d4655fee.zip,6851db43-26ac-800d-8b8b-b3db06a584da/audio/file_00000000599c622f8521bf0beb60ef3d-9ac2c600-8481-4de5-80bf-301ce19b1dbf.wav,415278,.wav
d6e9db90fbd5ffb1158e68518e6f46005d1c78dbaef56427bb8a934c8f466c0a-2025-06-29-04-43-33-cefe5cb372804d79a18d0829d4655fee.zip,6851db43-26ac-800d-8b8b-b3db06a584da/audio/file_000000005ce8622fab0c3097fd7f6482-c6303c1c-a490-4db3-b5ee-b67f7911017a.wav,84558,.wav
d6e9db90fbd5ffb1158e68518e6f46005d1c78dbaef56427bb8a934c8f466c0a-2025-06-29-04-43-33-cefe5cb372804d79a18d0829d4655fee.zip,6851db43-26ac-800d-8b8b-b3db06a584da/audio/file_000000005e94622f81ab85f91b878865-8bfc731e-8ba1-45dd-af90-5f232e1a6918.wav,120078,.wav
d6e9db90fbd5ffb1158e68518e6f46005d1c78dbaef56427bb8a934c8f466c0a-2025-06-29-04-43-33-cefe5cb372804d79a18d0829d4655fee.zip,6851db43-26ac-800d-8b8b-b3db06a584da/audio/file_000000008138622fa00414d2ab162583-d63588a3-9e9e-4ea0-9af6-4bfe0f7a8dec.wav,217038,.wav
d6e9db90fbd5ffb1158e68518e6f46005d1c78dbaef56427bb8a934c8f466c0a-2025-06-29-04-43-33-cefe5cb372804d79a18d0829d4655fee.zip,6851db43-26ac-800d-8b8b-b3db06a584da/audio/file_00000000a2dc622fb9bc4b5fd62735bf-7ea1b7bf-fd64-42f5-b7eb-9144e7f0522d.wav,465678,.wav
d6e9db90fbd5ffb1158e68518e6f46005d1c78dbaef56427bb8a934c8f466c0a-2025-06-29-04-43-33-cefe5cb372804d79a18d0829d4655fee.zip,6851db43-26ac-800d-8b8b-b3db06a584da/audio/file_00000000b6a0622f8508e86c020c92b8-590501a8-dd10-4a89-9f58-4789b6ba5b70.wav,13998,.wav
d6e9db90fbd5ffb1158e68518e6f46005d1c78dbaef56427bb8a934c8f466c0a-2025-06-29-04-43-33-cefe5cb372804d79a18d0829d4655fee.zip,6851db43-26ac-800d-8b8b-b3db06a584da/audio/file_00000000c160622fbd15b3379ead01b2-503a6ef7-1671-4a82-aa5f-61b9beb3c061.wav,216078,.wav
d6e9db90fbd5ffb1158e68518e6f46005d1c78dbaef56427bb8a934c8f466c0a-2025-06-29-04-43-33-cefe5cb372804d79a18d0829d4655fee.zip,6851db43-26ac-800d-8b8b-b3db06a584da/audio/file_00000000cb04622fad7fc9bf22bb2742-84ae4419-9e8d-4989-a7b8-d4e956f1a993.wav,319758,.wav
d6e9db90fbd5ffb1158e68518e6f46005d1c78dbaef56427bb8a934c8f466c0a-2025-06-29-04-43-33-cefe5cb372804d79a18d0829d4655fee.zip,6851db43-26ac-800d-8b8b-b3db06a584da/audio/file_00000000e2f4622f859cf95281fcfe3c-fdca0ea2-7d98-4bf6-b11b-d2a3e62c1b06.wav,278478,.wav
d6e9db90fbd5ffb1158e68518e6f46005d1c78dbaef56427bb8a934c8f466c0a-2025-06-29-04-43-33-cefe5cb372804d79a18d0829d4655fee.zip,6851db43-26ac-800d-8b8b-b3db06a584da/audio/file_00000000eaac622f97a894016aaa41ee-c02dff9e-1e3e-4feb-adf6-a70a342cee22.wav,168078,.wav
d6e9db90fbd5ffb1158e68518e6f46005d1c78dbaef56427bb8a934c8f466c0a-2025-06-29-04-43-33-cefe5cb372804d79a18d0829d4655fee.zip,6855bb9d-c9fc-800d-8475-8060530fcc26/audio/file_0000000001a461f6a9ade45efeed7263-416160c3-d58c-449b-b573-11b50abde97f.wav,367278,.wav
d6e9db90fbd5ffb1158e68518e6f46005d1c78dbaef56427bb8a934c8f466c0a-2025-06-29-04-43-33-cefe5cb372804d79a18d0829d4655fee.zip,6855bb9d-c9fc-800d-8475-8060530fcc26/audio/file_000000001db061f6960185b6580ebe0e-9a99f1f1-3030-49ce-9981-c995edabf64e.wav,48078,.wav
d6e9db90fbd5ffb1158e68518e6f46005d1c78dbaef56427bb8a934c8f466c0a-2025-06-29-04-43-33-cefe5cb372804d79a18d0829d4655fee.zip,6855bb9d-c9fc-800d-8475-8060530fcc26/audio/file_000000009f3861f6b747f776b9744eb5-5680499c-86ad-4933-b8d2-6906150d1636.wav,2184078,.wav
d6e9db90fbd5ffb1158e68518e6f46005d1c78dbaef56427bb8a934c8f466c0a-2025-06-29-04-43-33-cefe5cb372804d79a18d0829d4655fee.zip,685f13f4-930c-800d-b1c6-cfa04558e86b/audio/file_0000000005c461f6896ad7d80d7160cb-29719cce-61fa-4c0f-9bc3-e773ae0e4b7c.wav,338478,.wav
d6e9db90fbd5ffb1158e68518e6f46005d1c78dbaef56427bb8a934c8f466c0a-2025-06-29-04-43-33-cefe5cb372804d79a18d0829d4655fee.zip,685f13f4-930c-800d-b1c6-cfa04558e86b/audio/file_000000001164622f9b025bfe864f501e-34433882-0ce5-40a0-914d-31f84cbf7ec3.wav,345678,.wav
d6e9db90fbd5ffb1158e68518e6f46005d1c78dbaef56427bb8a934c8f466c0a-2025-06-29-04-43-33-cefe5cb372804d79a18d0829d4655fee.zip,685f13f4-930c-800d-b1c6-cfa04558e86b/audio/file_000000001704622fb1daa8a2b6daba0b-50b9655b-89bc-463f-87a4-08e7ac50f0f6.wav,86478,.wav
d6e9db90fbd5ffb1158e68518e6f46005d1c78dbaef56427bb8a934c8f466c0a-2025-06-29-04-43-33-cefe5cb372804d79a18d0829d4655fee.zip,685f13f4-930c-800d-b1c6-cfa04558e86b/audio/file_00000000175c622f82d7ba27a40620a3-0aeafb4e-f342-4f6f-a21f-7128b2db5c8c.wav,1773678,.wav
d6e9db90fbd5ffb1158e68518e6f46005d1c78dbaef56427bb8a934c8f466c0a-2025-06-29-04-43-33-cefe5cb372804d79a18d0829d4655fee.zip,685f13f4-930c-800d-b1c6-cfa04558e86b/audio/file_000000001ca8622fabe4f5001ba63a36-939a0f40-9c53-487b-a9c7-47d283287329.wav,150798,.wav
d6e9db90fbd5ffb1158e68518e6f46005d1c78dbaef56427bb8a934c8f466c0a-2025-06-29-04-43-33-cefe5cb372804d79a18d0829d4655fee.zip,685f13f4-930c-800d-b1c6-cfa04558e86b/audio/file_0000000027cc622fa0553f35b63f003d-5a88ea81-263a-4f27-a5e7-3f3b0a14d428.wav,37038,.wav
d6e9db90fbd5ffb1158e68518e6f46005d1c78dbaef56427bb8a934c8f466c0a-2025-06-29-04-43-33-cefe5cb372804d79a18d0829d4655fee.zip,685f13f4-930c-800d-b1c6-cfa04558e86b/audio/file_0000000043a0622f83e6a06b537ed7cc-86c4273b-93de-496f-a157-cebe687b278d.wav,264078,.wav
d6e9db90fbd5ffb1158e68518e6f46005d1c78dbaef56427bb8a934c8f466c0a-2025-06-29-04-43-33-cefe5cb372804d79a18d0829d4655fee.zip,685f13f4-930c-800d-b1c6-cfa04558e86b/audio/file_000000004d7461f68229f1c6df06e892-d24d389b-734b-4e02-b427-c2d30068a2d5.wav,43278,.wav
d6e9db90fbd5ffb1158e68518e6f46005d1c78dbaef56427bb8a934c8f466c0a-2025-06-29-04-43-33-cefe5cb372804d79a18d0829d4655fee.zip,685f13f4-930c-800d-b1c6-cfa04558e86b/audio/file_0000000072f461f69acae54b0221d23a-804609b6-49dd-408f-91fe-c665deacea23.wav,48078,.wav
d6e9db90fbd5ffb1158e68518e6f46005d1c78dbaef56427bb8a934c8f466c0a-2025-06-29-04-43-33-cefe5cb372804d79a18d0829d4655fee.zip,685f13f4-930c-800d-b1c6-cfa04558e86b/audio/file_00000000842061f6928f1dbdf23715c0-58cb43f3-fc9e-46f5-b5dd-ce1caef71040.wav,83598,.wav
d6e9db90fbd5ffb1158e68518e6f46005d1c78dbaef56427bb8a934c8f466c0a-2025-06-29-04-43-33-cefe5cb372804d79a18d0829d4655fee.zip,685f13f4-930c-800d-b1c6-cfa04558e86b/audio/file_000000009dac61f6bdbb21f7d00d8528-69aca1db-27a0-44a9-bad4-8f6b20032226.wav,24078,.wav
d6e9db90fbd5ffb1158e68518e6f46005d1c78dbaef56427bb8a934c8f466c0a-2025-06-29-04-43-33-cefe5cb372804d79a18d0829d4655fee.zip,685f13f4-930c-800d-b1c6-cfa04558e86b/audio/file_000000009ddc61f681d0562e6c078aed-1f2a9b5a-a2cf-43dd-b8ec-f8940dbe80d8.wav,196878,.wav
d6e9db90fbd5ffb1158e68518e6f46005d1c78dbaef56427bb8a934c8f466c0a-2025-06-29-04-43-33-cefe5cb372804d79a18d0829d4655fee.zip,685f13f4-930c-800d-b1c6-cfa04558e86b/audio/file_000000009ef061f6a44378e0e849dc66-f030ff0d-3a0f-4dc5-8731-8541ddadb8d0.wav,135438,.wav
d6e9db90fbd5ffb1158e68518e6f46005d1c78dbaef56427bb8a934c8f466c0a-2025-06-29-04-43-33-cefe5cb372804d79a18d0829d4655fee.zip,685f13f4-930c-800d-b1c6-cfa04558e86b/audio/file_00000000f26061f69047ccf1dbfdb4fc-c852b1e4-6a5a-47a1-ae88-4c3b4d9d982b.wav,1320078,.wav
d6e9db90fbd5ffb1158e68518e6f46005d1c78dbaef56427bb8a934c8f466c0a-2025-06-29-04-43-33-cefe5cb372804d79a18d0829d4655fee.zip,chat.html,398530207,.html
d6e9db90fbd5ffb1158e68518e6f46005d1c78dbaef56427bb8a934c8f466c0a-2025-06-29-04-43-33-cefe5cb372804d79a18d0829d4655fee.zip,conversations.json,391879893,.json
d6e9db90fbd5ffb1158e68518e6f46005d1c78dbaef56427bb8a934c8f466c0a-2025-06-29-04-43-33-cefe5cb372804d79a18d0829d4655fee.zip,file-19TZW2fk9F5c7TMZiByrGL-1000006880.png,135718,.png
d6e9db90fbd5ffb1158e68518e6f46005d1c78dbaef56427bb8a934c8f466c0a-2025-06-29-04-43-33-cefe5cb372804d79a18d0829d4655fee.zip,file-1P7dwEFXf2RydTfj4HFNkJ-IMG-20250513-WA0012.jpg,159228,.jpg
d6e9db90fbd5ffb1158e68518e6f46005d1c78dbaef56427bb8a934c8f466c0a-2025-06-29-04-43-33-cefe5cb372804d79a18d0829d4655fee.zip,file-1QNuLUU78ypofFhHU9pKFV-1000006709.webp,141525,.webp
d6e9db90fbd5ffb1158e68518e6f46005d1c78dbaef56427bb8a934c8f466c0a-2025-06-29-04-43-33-cefe5cb372804d79a18d0829d4655fee.zip,file-1YYi569R9NCEfy7kHfnfFG-file-UZdLXFw2CMqcDBQV3Sx4VQ.png,233753,.png
d6e9db90fbd5ffb1158e68518e6f46005d1c78dbaef56427bb8a934c8f466c0a-2025-06-29-04-43-33-cefe5cb372804d79a18d0829d4655fee.zip,file-1mzfrhepp4KfRppT6zsPLf-file-2X2tabjuRwD8EojpEfWRLE-1000008545.jpg,552679,.jpg
d6e9db90fbd5ffb1158e68518e6f46005d1c78dbaef56427bb8a934c8f466c0a-2025-06-29-04-43-33-cefe5cb372804d79a18d0829d4655fee.zip,file-1x9M5K6t8eQkz9bgoLopAR-1000006896.png,129316,.png
d6e9db90fbd5ffb1158e68518e6f46005d1c78dbaef56427bb8a934c8f466c0a-2025-06-29-04-43-33-cefe5cb372804d79a18d0829d4655fee.zip,file-2KKcf11wTuimKbVFDooBEn-15589049994428121369.png,24500,.png
d6e9db90fbd5ffb1158e68518e6f46005d1c78dbaef56427bb8a934c8f466c0a-2025-06-29-04-43-33-cefe5cb372804d79a18d0829d4655fee.zip,file-2vjZrKXtHzHQQfyhwEWNBS-e9640b7f-4bd6-4a0f-a8bf-909f67d5dab44090819793146922721,526217,(none)
d6e9db90fbd5ffb1158e68518e6f46005d1c78dbaef56427bb8a934c8f466c0a-2025-06-29-04-43-33-cefe5cb372804d79a18d0829d4655fee.zip,file-2xJfhwPndcwY95TgkaDdmA-1000336850.webp,603685,.webp
d6e9db90fbd5ffb1158e68518e6f46005d1c78dbaef56427bb8a934c8f466c0a-2025-06-29-04-43-33-cefe5cb372804d79a18d0829d4655fee.zip,file-39drxDh7sDBjLLMgnqsidJ-Screenshot_20250430-221922.png,142019,.png
d6e9db90fbd5ffb1158e68518e6f46005d1c78dbaef56427bb8a934c8f466c0a-2025-06-29-04-43-33-cefe5cb372804d79a18d0829d4655fee.zip,file-3FA2j9cSuhN8jcidCbReQC-1000006712.webp,205079,.webp
d6e9db90fbd5ffb1158e68518e6f46005d1c78dbaef56427bb8a934c8f466c0a-2025-06-29-04-43-33-cefe5cb372804d79a18d0829d4655fee.zip,file-3Q6Bx8cc6KfEZkbwKxEi8Z-sticker2253528793610902059.png,51288,.png
d6e9db90fbd5ffb1158e68518e6f46005d1c78dbaef56427bb8a934c8f466c0a-2025-06-29-04-43-33-cefe5cb372804d79a18d0829d4655fee.zip,file-3gDW253jN8YmrW2tU7ChWj-9616924960927808575.png,59031,.png
d6e9db90fbd5ffb1158e68518e6f46005d1c78dbaef56427bb8a934c8f466c0a-2025-06-29-04-43-33-cefe5cb372804d79a18d0829d4655fee.zip,file-3ptV4XF5P8r7aW2dXMwshp-Screenshot_20250313-211033.png,244733,.png
d6e9db90fbd5ffb1158e68518e6f46005d1c78dbaef56427bb8a934c8f466c0a-2025-06-29-04-43-33-cefe5cb372804d79a18d0829d4655fee.zip,file-43qKa7EKnXjsEPe1Tki79n-Screenshot_20250626-160157.png,136715,.png
d6e9db90fbd5ffb1158e68518e6f46005d1c78dbaef56427bb8a934c8f466c0a-2025-06-29-04-43-33-cefe5cb372804d79a18d0829d4655fee.zip,file-4AQEd4eq1vgqtBei7jY2bu-file-Lj7TUFxJwZ9d6nPAZgE8yd-d9136160-7914-4a91-b8a2-0d39cbce885d.webp,425241,.webp
d6e9db90fbd5ffb1158e68518e6f46005d1c78dbaef56427bb8a934c8f466c0a-2025-06-29-04-43-33-cefe5cb372804d79a18d0829d4655fee.zip,file-4JQehM7bSsJ8Nid7LTULaA-1000338827.jpg,991788,.jpg
d6e9db90fbd5ffb1158e68518e6f46005d1c78dbaef56427bb8a934c8f466c0a-2025-06-29-04-43-33-cefe5cb372804d79a18d0829d4655fee.zip,file-4NyRAuphmkJVwHXybC9YgT-1000006886.png,131864,.png
d6e9db90fbd5ffb1158e68518e6f46005d1c78dbaef56427bb8a934c8f466c0a-2025-06-29-04-43-33-cefe5cb372804d79a18d0829d4655fee.zip,file-4ZHrLNpuunnMHztEVsyNUP-IMG-20250507-WA0119.jpg,991788,.jpg
d6e9db90fbd5ffb1158e68518e6f46005d1c78dbaef56427bb8a934c8f466c0a-2025-06-29-04-43-33-cefe5cb372804d79a18d0829d4655fee.zip,file-4aHW8mjXtaLK1X6LeCKJzd-Screenshot_20250626-160157.png,136715,.png
d6e9db90fbd5ffb1158e68518e6f46005d1c78dbaef56427bb8a934c8f466c0a-2025-06-29-04-43-33-cefe5cb372804d79a18d0829d4655fee.zip,file-54KdMPoxHJ3xyu1wGNuCTq-file-YF23v2yiXui5wpMSzsVSHZ-1000008829.png,110199,.png
d6e9db90fbd5ffb1158e68518e6f46005d1c78dbaef56427bb8a934c8f466c0a-2025-06-29-04-43-33-cefe5cb372804d79a18d0829d4655fee.zip,file-56shW21NPjNDAGHU75w3k2-1165059217692405506.png,37714,.png
d6e9db90fbd5ffb1158e68518e6f46005d1c78dbaef56427bb8a934c8f466c0a-2025-06-29-04-43-33-cefe5cb372804d79a18d0829d4655fee.zip,file-5XMEC2UoRnmCvjn2Q9A2Dv-IMG-20250507-WA0119.jpg,991788,.jpg
d6e9db90fbd5ffb1158e68518e6f46005d1c78dbaef56427bb8a934c8f466c0a-2025-06-29-04-43-33-cefe5cb372804d79a18d0829d4655fee.zip,file-5si51JvKc4iUfT4cHbJ4Kr-file-C3Szu4EQp4n1A5vvUwzztR-1000006629.webp,448163,.webp
d6e9db90fbd5ffb1158e68518e6f46005d1c78dbaef56427bb8a934c8f466c0a-2025-06-29-04-43-33-cefe5cb372804d79a18d0829d4655fee.zip,file-63WEaKdg8orYf2YCSCSJGX-1000006894.png,82028,.png
d6e9db90fbd5ffb1158e68518e6f46005d1c78dbaef56427bb8a934c8f466c0a-2025-06-29-04-43-33-cefe5cb372804d79a18d0829d4655fee.zip,file-6CBmLKqQWBRRmZ2BuupdPm-6050a70d-b81f-44f0-90cc-05de0ab7d29c843067042885941720,610154,(none)
d6e9db90fbd5ffb1158e68518e6f46005d1c78dbaef56427bb8a934c8f466c0a-2025-06-29-04-43-33-cefe5cb372804d79a18d0829d4655fee.zip,file-6EcP2ggmXcL43C2zDmfrF2-file-YF23v2yiXui5wpMSzsVSHZ-1000008829.png,110199,.png
d6e9db90fbd5ffb1158e68518e6f46005d1c78dbaef56427bb8a934c8f466c0a-2025-06-29-04-43-33-cefe5cb372804d79a18d0829d4655fee.zip,file-6NSV4uvZX16TiDaQW4yUZM-IMG-20250507-WA0119.jpg,991788,.jpg
d6e9db90fbd5ffb1158e68518e6f46005d1c78dbaef56427bb8a934c8f466c0a-2025-06-29-04-43-33-cefe5cb372804d79a18d0829d4655fee.zip,file-6NyYHZhpbHgsfioF1TeQ6w-1000331307.png,279229,.png
d6e9db90fbd5ffb1158e68518e6f46005d1c78dbaef56427bb8a934c8f466c0a-2025-06-29-04-43-33-cefe5cb372804d79a18d0829d4655fee.zip,file-6XTNXyEdVubXS8CYX9CK8e-1000006885.png,127071,.png
d6e9db90fbd5ffb1158e68518e6f46005d1c78dbaef56427bb8a934c8f466c0a-2025-06-29-04-43-33-cefe5cb372804d79a18d0829d4655fee.zip,file-6ZQ4YKkRjv9c62ZPpRFLXe-IMG-20250512-WA0050.jpg,578908,.jpg
d6e9db90fbd5ffb1158e68518e6f46005d1c78dbaef56427bb8a934c8f466c0a-2025-06-29-04-43-33-cefe5cb372804d79a18d0829d4655fee.zip,file-6tEigHbGtsmxVXtXbeC34P-1000336881.webp,489492,.webp
d6e9db90fbd5ffb1158e68518e6f46005d1c78dbaef56427bb8a934c8f466c0a-2025-06-29-04-43-33-cefe5cb372804d79a18d0829d4655fee.zip,file-6z3ZsXhN4Dm6bitZ8d6T4i-6825615442271950037.png,29840,.png
d6e9db90fbd5ffb1158e68518e6f46005d1c78dbaef56427bb8a934c8f466c0a-2025-06-29-04-43-33-cefe5cb372804d79a18d0829d4655fee.zip,file-7Aiu4PEJU6oWGL7B7ZSmhT-1000006656.webp,474605,.webp
d6e9db90fbd5ffb1158e68518e6f46005d1c78dbaef56427bb8a934c8f466c0a-2025-06-29-04-43-33-cefe5cb372804d79a18d0829d4655fee.zip,file-7ERqJULSdEggp5MBHzu7BD-1000336864.webp,451503,.webp
d6e9db90fbd5ffb1158e68518e6f46005d1c78dbaef56427bb8a934c8f466c0a-2025-06-29-04-43-33-cefe5cb372804d79a18d0829d4655fee.zip,file-7oNsHc3WnHs6h5r4Sy9jn5-1000336484.jpg,552679,.jpg
d6e9db90fbd5ffb1158e68518e6f46005d1c78dbaef56427bb8a934c8f466c0a-2025-06-29-04-43-33-cefe5cb372804d79a18d0829d4655fee.zip,file-8peRTCtJ7tcSA61zNNQaAf-7043422435971515928.png,25807,.png
d6e9db90fbd5ffb1158e68518e6f46005d1c78dbaef56427bb8a934c8f466c0a-2025-06-29-04-43-33-cefe5cb372804d79a18d0829d4655fee.zip,file-8trhLj7W91KrQBTFQGfGH7-c619c0f6-625c-4acd-a559-8458363abc476010342786489747647,620836,(none)
d6e9db90fbd5ffb1158e68518e6f46005d1c78dbaef56427bb8a934c8f466c0a-2025-06-29-04-43-33-cefe5cb372804d79a18d0829d4655fee.zip,file-9HdLDQYTLYPTZNujRwv9ES-664aa9db-4a80-4fa3-9f2d-6a8698a96b3f1162642219784077424,591310,(none)
d6e9db90fbd5ffb1158e68518e6f46005d1c78dbaef56427bb8a934c8f466c0a-2025-06-29-04-43-33-cefe5cb372804d79a18d0829d4655fee.zip,file-9TTAVYuSNsHPv6NVisuNPw-IMG-20250512-WA0021.jpg,265867,.jpg
d6e9db90fbd5ffb1158e68518e6f46005d1c78dbaef56427bb8a934c8f466c0a-2025-06-29-04-43-33-cefe5cb372804d79a18d0829d4655fee.zip,file-9nDneduJBqySsvtEQ5NHXJ-sticker3568059949699142191.png,36218,.png
d6e9db90fbd5ffb1158e68518e6f46005d1c78dbaef56427bb8a934c8f466c0a-2025-06-29-04-43-33-cefe5cb372804d79a18d0829d4655fee.zip,file-9v1vcywvm6xX966Hp8EhUH-1000006887.png,136917,.png
d6e9db90fbd5ffb1158e68518e6f46005d1c78dbaef56427bb8a934c8f466c0a-2025-06-29-04-43-33-cefe5cb372804d79a18d0829d4655fee.zip,file-AWZa2uFCtgKkxSnaqAfa75-file-Px3XrD7yBtH6wy44UX4BTk-d4a5c029-eb0e-4154-9f3d-824e44075e31.webp,428327,.webp
d6e9db90fbd5ffb1158e68518e6f46005d1c78dbaef56427bb8a934c8f466c0a-2025-06-29-04-43-33-cefe5cb372804d79a18d0829d4655fee.zip,file-BNzFRAuX4VmxRJTKtc3ogn-1000339027.png,141392,.png
d6e9db90fbd5ffb1158e68518e6f46005d1c78dbaef56427bb8a934c8f466c0a-2025-06-29-04-43-33-cefe5cb372804d79a18d0829d4655fee.zip,file-BTdaVd6X4KCJwsqhEFtq4n-1000339229.png,97634,.png
d6e9db90fbd5ffb1158e68518e6f46005d1c78dbaef56427bb8a934c8f466c0a-2025-06-29-04-43-33-cefe5cb372804d79a18d0829d4655fee.zip,file-BZmuaTF2VZaQN4iVnhGzAt-1000339028.png,139327,.png
d6e9db90fbd5ffb1158e68518e6f46005d1c78dbaef56427bb8a934c8f466c0a-2025-06-29-04-43-33-cefe5cb372804d79a18d0829d4655fee.zip,file-Bj6huTAmizbxcRoCakHrSE-1000006884.png,131866,.png
d6e9db90fbd5ffb1158e68518e6f46005d1c78dbaef56427bb8a934c8f466c0a-2025-06-29-04-43-33-cefe5cb372804d79a18d0829d4655fee.zip,file-Bw1djwxKJy2L487Nen1qd6-1000006717.webp,44802,.webp
d6e9db90fbd5ffb1158e68518e6f46005d1c78dbaef56427bb8a934c8f466c0a-2025-06-29-04-43-33-cefe5cb372804d79a18d0829d4655fee.zip,file-C39HAA5wLePQX3f69AGFTC-1000336842.webp,527288,.webp
d6e9db90fbd5ffb1158e68518e6f46005d1c78dbaef56427bb8a934c8f466c0a-2025-06-29-04-43-33-cefe5cb372804d79a18d0829d4655fee.zip,file-C9CDQ1Nh1Q4LdDT3RphJaJ-Screenshot_20250313-160007.png,81537,.png
d6e9db90fbd5ffb1158e68518e6f46005d1c78dbaef56427bb8a934c8f466c0a-2025-06-29-04-43-33-cefe5cb372804d79a18d0829d4655fee.zip,file-ChN9UNCK5dDdR7sS2wkv95-1000006892.png,124525,.png
d6e9db90fbd5ffb1158e68518e6f46005d1c78dbaef56427bb8a934c8f466c0a-2025-06-29-04-43-33-cefe5cb372804d79a18d0829d4655fee.zip,file-Cys2GwfDBGN4vBZqTd9GUd-sticker4652267776406836384.png,33665,.png
d6e9db90fbd5ffb1158e68518e6f46005d1c78dbaef56427bb8a934c8f466c0a-2025-06-29-04-43-33-cefe5cb372804d79a18d0829d4655fee.zip,file-D7iqS9MeS4KewXjqRFRm6f-file-WHufnyNDK3DxCzfcyUkA9G-1000006711.webp,205319,.webp
d6e9db90fbd5ffb1158e68518e6f46005d1c78dbaef56427bb8a934c8f466c0a-2025-06-29-04-43-33-cefe5cb372804d79a18d0829d4655fee.zip,file-DN9SwWevZPvhuyyaQeTiXM-90028eee-b69c-4158-87b6-a5e01b1251966535140348282140747,618637,(none)
d6e9db90fbd5ffb1158e68518e6f46005d1c78dbaef56427bb8a934c8f466c0a-2025-06-29-04-43-33-cefe5cb372804d79a18d0829d4655fee.zip,file-DWSjKG3QxVTGg1fztGrVKM-1000338982.png,238710,.png
d6e9db90fbd5ffb1158e68518e6f46005d1c78dbaef56427bb8a934c8f466c0a-2025-06-29-04-43-33-cefe5cb372804d79a18d0829d4655fee.zip,file-Dg5ZNEzhY6h55Ut2RQL6hx-1000336879.webp,474884,.webp
d6e9db90fbd5ffb1158e68518e6f46005d1c78dbaef56427bb8a934c8f466c0a-2025-06-29-04-43-33-cefe5cb372804d79a18d0829d4655fee.zip,file-E8MwHvUzaxfoprNFsWQJr5-1000006890.png,124998,.png
d6e9db90fbd5ffb1158e68518e6f46005d1c78dbaef56427bb8a934c8f466c0a-2025-06-29-04-43-33-cefe5cb372804d79a18d0829d4655fee.zip,file-EB3agxpJBABsGWfgWseb65-cd324468-664a-451d-a574-2cf622bd00e25005262446370847263,693175,(none)
d6e9db90fbd5ffb1158e68518e6f46005d1c78dbaef56427bb8a934c8f466c0a-2025-06-29-04-43-33-cefe5cb372804d79a18d0829d4655fee.zip,file-EQSZbyMqsz7WC5N6Sj2rnf-sticker1001563606083497194.png,36147,.png
d6e9db90fbd5ffb1158e68518e6f46005d1c78dbaef56427bb8a934c8f466c0a-2025-06-29-04-43-33-cefe5cb372804d79a18d0829d4655fee.zip,file-Euz7Z4idQ82qjL8rXS7FGa-1000338827.jpg,991788,.jpg
d6e9db90fbd5ffb1158e68518e6f46005d1c78dbaef56427bb8a934c8f466c0a-2025-06-29-04-43-33-cefe5cb372804d79a18d0829d4655fee.zip,file-EzKwNNkW9XiF21H78Ns4G9-IMG-20250403-WA0003.jpg,77092,.jpg
d6e9db90fbd5ffb1158e68518e6f46005d1c78dbaef56427bb8a934c8f466c0a-2025-06-29-04-43-33-cefe5cb372804d79a18d0829d4655fee.zip,file-F8M2KkdgjaxbLwjuMPUd8M-1000006891.png,126378,.png
d6e9db90fbd5ffb1158e68518e6f46005d1c78dbaef56427bb8a934c8f466c0a-2025-06-29-04-43-33-cefe5cb372804d79a18d0829d4655fee.zip,file-FGZLXQHpJPAEmx7iQFdwej-1000336925.webp,493480,.webp
d6e9db90fbd5ffb1158e68518e6f46005d1c78dbaef56427bb8a934c8f466c0a-2025-06-29-04-43-33-cefe5cb372804d79a18d0829d4655fee.zip,file-FJLXzFME343w1faSsah32U-file-HmnEvB5grbZV6gHW15Rmzk-3b8ccf9f-a35f-46c8-a3f6-5a56f22f68e7.webp,443460,.webp
d6e9db90fbd5ffb1158e68518e6f46005d1c78dbaef56427bb8a934c8f466c0a-2025-06-29-04-43-33-cefe5cb372804d79a18d0829d4655fee.zip,file-FbejhGSAiuWcKsJBpJEYYQ-157256203102931739.png,25642,.png
d6e9db90fbd5ffb1158e68518e6f46005d1c78dbaef56427bb8a934c8f466c0a-2025-06-29-04-43-33-cefe5cb372804d79a18d0829d4655fee.zip,file-FiAYx8rqwvXEePpBfPzszQ-IMG-20250501-WA0008.jpg,251525,.jpg
d6e9db90fbd5ffb1158e68518e6f46005d1c78dbaef56427bb8a934c8f466c0a-2025-06-29-04-43-33-cefe5cb372804d79a18d0829d4655fee.zip,file-FzQmUxXx4j8FfcLQVWQ1Th-IMG-20250512-WA0043.jpg,305157,.jpg
d6e9db90fbd5ffb1158e68518e6f46005d1c78dbaef56427bb8a934c8f466c0a-2025-06-29-04-43-33-cefe5cb372804d79a18d0829d4655fee.zip,file-G27RJR8mizGnJdtd95TgH9-1000006889.png,128453,.png
d6e9db90fbd5ffb1158e68518e6f46005d1c78dbaef56427bb8a934c8f466c0a-2025-06-29-04-43-33-cefe5cb372804d79a18d0829d4655fee.zip,file-HEk5VSY4z69bLatKBjqKDe-IMG-20250512-WA0023.jpg,253645,.jpg
d6e9db90fbd5ffb1158e68518e6f46005d1c78dbaef56427bb8a934c8f466c0a-2025-06-29-04-43-33-cefe5cb372804d79a18d0829d4655fee.zip,file-HZDYe4ZVmseiF6CH6heh2h-1000006881.png,109031,.png
d6e9db90fbd5ffb1158e68518e6f46005d1c78dbaef56427bb8a934c8f466c0a-2025-06-29-04-43-33-cefe5cb372804d79a18d0829d4655fee.zip,file-HZDjCbinzu3ZjjmMHoukgv-file-4F3AXnnYWjxjAMH7eMDJ2Y-1000007862.png,110049,.png
d6e9db90fbd5ffb1158e68518e6f46005d1c78dbaef56427bb8a934c8f466c0a-2025-06-29-04-43-33-cefe5cb372804d79a18d0829d4655fee.zip,file-HbRpqqASTYBK2CgmC7ueBC-sticker8004990425216193977.png,37714,.png
d6e9db90fbd5ffb1158e68518e6f46005d1c78dbaef56427bb8a934c8f466c0a-2025-06-29-04-43-33-cefe5cb372804d79a18d0829d4655fee.zip,file-Hgjjp7u1Wrj5PNZGc13hYv-file-4YBnqSyLopqoEDZ2UxN6q3-1000006714.webp,271799,.webp
d6e9db90fbd5ffb1158e68518e6f46005d1c78dbaef56427bb8a934c8f466c0a-2025-06-29-04-43-33-cefe5cb372804d79a18d0829d4655fee.zip,file-Hh67aeB66BVdrT2wYoWzgV-1000006883.png,127163,.png
d6e9db90fbd5ffb1158e68518e6f46005d1c78dbaef56427bb8a934c8f466c0a-2025-06-29-04-43-33-cefe5cb372804d79a18d0829d4655fee.zip,file-HuUprRHfsrdxruirTFKpi6-file-YF23v2yiXui5wpMSzsVSHZ-1000008829.png,110199,.png
d6e9db90fbd5ffb1158e68518e6f46005d1c78dbaef56427bb8a934c8f466c0a-2025-06-29-04-43-33-cefe5cb372804d79a18d0829d4655fee.zip,file-HwnEXwdaRwihGbRw6xijuf-1000336862.webp,555627,.webp
d6e9db90fbd5ffb1158e68518e6f46005d1c78dbaef56427bb8a934c8f466c0a-2025-06-29-04-43-33-cefe5cb372804d79a18d0829d4655fee.zip,file-JErAaFBSPGocrpDWAECcQw-6de5c608-f36f-4b79-80f7-46efb333136c5179744821592786219,542178,(none)
d6e9db90fbd5ffb1158e68518e6f46005d1c78dbaef56427bb8a934c8f466c0a-2025-06-29-04-43-33-cefe5cb372804d79a18d0829d4655fee.zip,file-JgbyhJGRPjfefGpqoorYfu-1000336682.png,752828,.png
d6e9db90fbd5ffb1158e68518e6f46005d1c78dbaef56427bb8a934c8f466c0a-2025-06-29-04-43-33-cefe5cb372804d79a18d0829d4655fee.zip,file-JksA7DNtsbTjih1MbRVD32-sticker1394760872816526950.png,39734,.png
d6e9db90fbd5ffb1158e68518e6f46005d1c78dbaef56427bb8a934c8f466c0a-2025-06-29-04-43-33-cefe5cb372804d79a18d0829d4655fee.zip,file-JwE8BDfbfwg9SN1YwJi3KN-file-UZdLXFw2CMqcDBQV3Sx4VQ (1).png,233753,.png
d6e9db90fbd5ffb1158e68518e6f46005d1c78dbaef56427bb8a934c8f466c0a-2025-06-29-04-43-33-cefe5cb372804d79a18d0829d4655fee.zip,file-KHzcKnVqhPe4z49tHiT3Nb-73fa608f-e173-41ba-b936-815bd1cbac394377526337104169590,654581,(none)
d6e9db90fbd5ffb1158e68518e6f46005d1c78dbaef56427bb8a934c8f466c0a-2025-06-29-04-43-33-cefe5cb372804d79a18d0829d4655fee.zip,file-Kub1K5REmFpSDqLK1fSiHH-Screenshot_20250313-211948.png,246569,.png
d6e9db90fbd5ffb1158e68518e6f46005d1c78dbaef56427bb8a934c8f466c0a-2025-06-29-04-43-33-cefe5cb372804d79a18d0829d4655fee.zip,file-Kx4kZ85Rjzd9oqWpj1B3Ep-IMG-20250512-WA0020.jpg,156104,.jpg
d6e9db90fbd5ffb1158e68518e6f46005d1c78dbaef56427bb8a934c8f466c0a-2025-06-29-04-43-33-cefe5cb372804d79a18d0829d4655fee.zip,file-KxpW5s9WNopMs9RsK4S9kZ-1000331313.png,151788,.png
d6e9db90fbd5ffb1158e68518e6f46005d1c78dbaef56427bb8a934c8f466c0a-2025-06-29-04-43-33-cefe5cb372804d79a18d0829d4655fee.zip,file-L3yaDd2Je8j9DdhewNym8d-1000342132.png,136715,.png
d6e9db90fbd5ffb1158e68518e6f46005d1c78dbaef56427bb8a934c8f466c0a-2025-06-29-04-43-33-cefe5cb372804d79a18d0829d4655fee.zip,file-LB3VUUqYDZezn9Zs68N36K-file_00000000579c61f781550af0be64495c.png,1169971,.png
d6e9db90fbd5ffb1158e68518e6f46005d1c78dbaef56427bb8a934c8f466c0a-2025-06-29-04-43-33-cefe5cb372804d79a18d0829d4655fee.zip,file-LE2fwhjYfmsMZqFWiSvNYK-Screenshot_20250626-160157.png,136715,.png
d6e9db90fbd5ffb1158e68518e6f46005d1c78dbaef56427bb8a934c8f466c0a-2025-06-29-04-43-33-cefe5cb372804d79a18d0829d4655fee.zip,file-LEtu5e6eJH3XqftmEVBajb-1000006879.png,134961,.png
d6e9db90fbd5ffb1158e68518e6f46005d1c78dbaef56427bb8a934c8f466c0a-2025-06-29-04-43-33-cefe5cb372804d79a18d0829d4655fee.zip,file-LHCG2YqaYQvt1zk54KEgwc-file-9DfjU8jZbrwPgYT7DsYhGV-1000006712.webp,205319,.webp
d6e9db90fbd5ffb1158e68518e6f46005d1c78dbaef56427bb8a934c8f466c0a-2025-06-29-04-43-33-cefe5cb372804d79a18d0829d4655fee.zip,file-LMcNj8RyBpQW2Go5nNp3Zk-1000006635.webp,200708,.webp
d6e9db90fbd5ffb1158e68518e6f46005d1c78dbaef56427bb8a934c8f466c0a-2025-06-29-04-43-33-cefe5cb372804d79a18d0829d4655fee.zip,file-LTCxww1KzXVr6t3SxMCxuq-1000336865.webp,338997,.webp
d6e9db90fbd5ffb1158e68518e6f46005d1c78dbaef56427bb8a934c8f466c0a-2025-06-29-04-43-33-cefe5cb372804d79a18d0829d4655fee.zip,file-LpPQfB1acHq5hGHLRYWG1L-1000331524.png,196287,.png
d6e9db90fbd5ffb1158e68518e6f46005d1c78dbaef56427bb8a934c8f466c0a-2025-06-29-04-43-33-cefe5cb372804d79a18d0829d4655fee.zip,file-LsBth1FxWSgEECFrrWR6nH-file-3bg4jYmd5Q8MxRRyjTEjtS-1000006981.jpg,100249,.jpg
d6e9db90fbd5ffb1158e68518e6f46005d1c78dbaef56427bb8a934c8f466c0a-2025-06-29-04-43-33-cefe5cb372804d79a18d0829d4655fee.zip,file-M9TmdTZ95nyK8NQFrcPZgb-1000343588.png,137351,.png
d6e9db90fbd5ffb1158e68518e6f46005d1c78dbaef56427bb8a934c8f466c0a-2025-06-29-04-43-33-cefe5cb372804d79a18d0829d4655fee.zip,file-MAowCvwQ5puoj4tUdhiEQZ-IMG-20250507-WA0119.jpg,991788,.jpg
d6e9db90fbd5ffb1158e68518e6f46005d1c78dbaef56427bb8a934c8f466c0a-2025-06-29-04-43-33-cefe5cb372804d79a18d0829d4655fee.zip,file-MFZ5ThJD8QWjQpr1uEht1u-1000006714.webp,272917,.webp
d6e9db90fbd5ffb1158e68518e6f46005d1c78dbaef56427bb8a934c8f466c0a-2025-06-29-04-43-33-cefe5cb372804d79a18d0829d4655fee.zip,file-MJxQ2bPi7nrSxmVAcMhy2y-1000336675.png,751834,.png
d6e9db90fbd5ffb1158e68518e6f46005d1c78dbaef56427bb8a934c8f466c0a-2025-06-29-04-43-33-cefe5cb372804d79a18d0829d4655fee.zip,file-MPNj8Bpov25Rp8rwvsfKWS-Screenshot_20250626-160157.png,136715,.png
d6e9db90fbd5ffb1158e68518e6f46005d1c78dbaef56427bb8a934c8f466c0a-2025-06-29-04-43-33-cefe5cb372804d79a18d0829d4655fee.zip,file-MjSHeUcegjdSAGqqdBb1dG-Screenshot_20250626-160157.png,136715,.png
d6e9db90fbd5ffb1158e68518e6f46005d1c78dbaef56427bb8a934c8f466c0a-2025-06-29-04-43-33-cefe5cb372804d79a18d0829d4655fee.zip,file-MkftViYS2r84tjSskja23q-1000339026.png,156150,.png
d6e9db90fbd5ffb1158e68518e6f46005d1c78dbaef56427bb8a934c8f466c0a-2025-06-29-04-43-33-cefe5cb372804d79a18d0829d4655fee.zip,file-Mv95Xo5QJtmK1BjBbn6nQX-1000336372.png,110049,.png
d6e9db90fbd5ffb1158e68518e6f46005d1c78dbaef56427bb8a934c8f466c0a-2025-06-29-04-43-33-cefe5cb372804d79a18d0829d4655fee.zip,file-N2mtXSfzmU1wntWZjFJN59-IMG-20250513-WA0022.jpg,356714,.jpg
d6e9db90fbd5ffb1158e68518e6f46005d1c78dbaef56427bb8a934c8f466c0a-2025-06-29-04-43-33-cefe5cb372804d79a18d0829d4655fee.zip,file-N9pykBimpTv1pMbSSeBYhw-1000006897.png,123405,.png
d6e9db90fbd5ffb1158e68518e6f46005d1c78dbaef56427bb8a934c8f466c0a-2025-06-29-04-43-33-cefe5cb372804d79a18d0829d4655fee.zip,file-NEGdmKf66sTLd83s6LhTYN-file_0000000090dc61f9bbe9f0072b40a0a8.png,704600,.png
d6e9db90fbd5ffb1158e68518e6f46005d1c78dbaef56427bb8a934c8f466c0a-2025-06-29-04-43-33-cefe5cb372804d79a18d0829d4655fee.zip,file-NFmgCMbBa5ds3gfuoz6fS1-1000006637.jpg,519446,.jpg
d6e9db90fbd5ffb1158e68518e6f46005d1c78dbaef56427bb8a934c8f466c0a-2025-06-29-04-43-33-cefe5cb372804d79a18d0829d4655fee.zip,file-NTbQ5ZHMvo3YiQdo926KTw-1000336878.webp,476039,.webp
d6e9db90fbd5ffb1158e68518e6f46005d1c78dbaef56427bb8a934c8f466c0a-2025-06-29-04-43-33-cefe5cb372804d79a18d0829d4655fee.zip,file-NuEyM6GhT1ChkkLKXpjdDV-1000342132.png,136715,.png
d6e9db90fbd5ffb1158e68518e6f46005d1c78dbaef56427bb8a934c8f466c0a-2025-06-29-04-43-33-cefe5cb372804d79a18d0829d4655fee.zip,file-NybkUk79ihZnVeYXvkefD4-1000008078.png,60492,.png
d6e9db90fbd5ffb1158e68518e6f46005d1c78dbaef56427bb8a934c8f466c0a-2025-06-29-04-43-33-cefe5cb372804d79a18d0829d4655fee.zip,file-Q5XodDYztCzsXpFrAae4hu-1000006898.png,119269,.png
d6e9db90fbd5ffb1158e68518e6f46005d1c78dbaef56427bb8a934c8f466c0a-2025-06-29-04-43-33-cefe5cb372804d79a18d0829d4655fee.zip,file-Q95vLgdwvL53ZEk9sbQaWQ-1000338741.png,627594,.png
d6e9db90fbd5ffb1158e68518e6f46005d1c78dbaef56427bb8a934c8f466c0a-2025-06-29-04-43-33-cefe5cb372804d79a18d0829d4655fee.zip,file-QM3vn76PCM9VN6MLXrR494-sticker6801089031232757442.png,34759,.png
d6e9db90fbd5ffb1158e68518e6f46005d1c78dbaef56427bb8a934c8f466c0a-2025-06-29-04-43-33-cefe5cb372804d79a18d0829d4655fee.zip,file-QTCRt3k58aprLha4DXWV1K-1000331308.png,119396,.png
d6e9db90fbd5ffb1158e68518e6f46005d1c78dbaef56427bb8a934c8f466c0a-2025-06-29-04-43-33-cefe5cb372804d79a18d0829d4655fee.zip,file-QiDfphBJxoj7YB1vdCz1gL-IMG-20250512-WA0041.jpg,222124,.jpg
d6e9db90fbd5ffb1158e68518e6f46005d1c78dbaef56427bb8a934c8f466c0a-2025-06-29-04-43-33-cefe5cb372804d79a18d0829d4655fee.zip,file-RCMFu1d1nxN9kbz9YUqhqw-1000336926.webp,495095,.webp
d6e9db90fbd5ffb1158e68518e6f46005d1c78dbaef56427bb8a934c8f466c0a-2025-06-29-04-43-33-cefe5cb372804d79a18d0829d4655fee.zip,file-RW1NSkTRzsgLwKwejHbkEV-1000006895.png,70537,.png
d6e9db90fbd5ffb1158e68518e6f46005d1c78dbaef56427bb8a934c8f466c0a-2025-06-29-04-43-33-cefe5cb372804d79a18d0829d4655fee.zip,file-SGUfVFzTgEZes3odA8GFjN-1000006893.png,128528,.png
d6e9db90fbd5ffb1158e68518e6f46005d1c78dbaef56427bb8a934c8f466c0a-2025-06-29-04-43-33-cefe5cb372804d79a18d0829d4655fee.zip,file-SR7TwgJVXww4do2X4VeQq8-1000339461.png,209551,.png
d6e9db90fbd5ffb1158e68518e6f46005d1c78dbaef56427bb8a934c8f466c0a-2025-06-29-04-43-33-cefe5cb372804d79a18d0829d4655fee.zip,file-SX9GgJLuG5TKq3Xz7K9XYh-1000338740.png,704600,.png
d6e9db90fbd5ffb1158e68518e6f46005d1c78dbaef56427bb8a934c8f466c0a-2025-06-29-04-43-33-cefe5cb372804d79a18d0829d4655fee.zip,file-SYK82trvVn6HhwAwy2pb5x-1000339457.png,127800,.png
d6e9db90fbd5ffb1158e68518e6f46005d1c78dbaef56427bb8a934c8f466c0a-2025-06-29-04-43-33-cefe5cb372804d79a18d0829d4655fee.zip,file-SZ9AbwJ546ppYZQgqkJw2i-1000006882.png,120059,.png
d6e9db90fbd5ffb1158e68518e6f46005d1c78dbaef56427bb8a934c8f466c0a-2025-06-29-04-43-33-cefe5cb372804d79a18d0829d4655fee.zip,file-Sz88XueyUwdvs9NRRCnweR-1000006761.png,78170,.png
d6e9db90fbd5ffb1158e68518e6f46005d1c78dbaef56427bb8a934c8f466c0a-2025-06-29-04-43-33-cefe5cb372804d79a18d0829d4655fee.zip,file-TfTmvoCpDddWuFvqX5KYJd-1000332301.jpg,400987,.jpg
d6e9db90fbd5ffb1158e68518e6f46005d1c78dbaef56427bb8a934c8f466c0a-2025-06-29-04-43-33-cefe5cb372804d79a18d0829d4655fee.zip,file-U3VHRiqMX1oJJB4ykw4QFU-1d21ba58-9710-4efa-9aa4-55ce32378e2a9141724661253198059,408286,(none)
d6e9db90fbd5ffb1158e68518e6f46005d1c78dbaef56427bb8a934c8f466c0a-2025-06-29-04-43-33-cefe5cb372804d79a18d0829d4655fee.zip,file-UFHvp6W3FRGptSoGyFVgAP-3165188693971078907.png,34319,.png
d6e9db90fbd5ffb1158e68518e6f46005d1c78dbaef56427bb8a934c8f466c0a-2025-06-29-04-43-33-cefe5cb372804d79a18d0829d4655fee.zip,file-UX7S3iryVxnU51qMqrcxf9-1000336847.webp,467193,.webp
d6e9db90fbd5ffb1158e68518e6f46005d1c78dbaef56427bb8a934c8f466c0a-2025-06-29-04-43-33-cefe5cb372804d79a18d0829d4655fee.zip,file-UZuDNJk6egF7Gh5rVoDjqq-1000336681.png,789640,.png
d6e9db90fbd5ffb1158e68518e6f46005d1c78dbaef56427bb8a934c8f466c0a-2025-06-29-04-43-33-cefe5cb372804d79a18d0829d4655fee.zip,file-UdwXV1S8Zc5XDLAZJPnxAe-Screenshot_20250625-155739.png,119241,.png
d6e9db90fbd5ffb1158e68518e6f46005d1c78dbaef56427bb8a934c8f466c0a-2025-06-29-04-43-33-cefe5cb372804d79a18d0829d4655fee.zip,file-UozbPd81G2jeFMeXy1pJny-1000336483.png,110199,.png
d6e9db90fbd5ffb1158e68518e6f46005d1c78dbaef56427bb8a934c8f466c0a-2025-06-29-04-43-33-cefe5cb372804d79a18d0829d4655fee.zip,file-UqwzMxdjgFSPGuCJuyVVRJ-1000336827.webp,385895,.webp
d6e9db90fbd5ffb1158e68518e6f46005d1c78dbaef56427bb8a934c8f466c0a-2025-06-29-04-43-33-cefe5cb372804d79a18d0829d4655fee.zip,file-UsLr4EuEydwhCKikghZ7S4-10619987177228095246.png,38060,.png
d6e9db90fbd5ffb1158e68518e6f46005d1c78dbaef56427bb8a934c8f466c0a-2025-06-29-04-43-33-cefe5cb372804d79a18d0829d4655fee.zip,file-UwRVBLcf8wd55cHcS8YuEq-1000338739.png,306323,.png
d6e9db90fbd5ffb1158e68518e6f46005d1c78dbaef56427bb8a934c8f466c0a-2025-06-29-04-43-33-cefe5cb372804d79a18d0829d4655fee.zip,file-VNj99FN1ArGWyNVJNWt8hJ-1000338476.png,134776,.png
d6e9db90fbd5ffb1158e68518e6f46005d1c78dbaef56427bb8a934c8f466c0a-2025-06-29-04-43-33-cefe5cb372804d79a18d0829d4655fee.zip,file-VWqQn9v3NNZLD3GiuwkqAs-file-QfyCkKbiNASzWaod6EgGfB-34409069-b1e5-47c6-b8f3-6f7113c20898.webp,483462,.webp
d6e9db90fbd5ffb1158e68518e6f46005d1c78dbaef56427bb8a934c8f466c0a-2025-06-29-04-43-33-cefe5cb372804d79a18d0829d4655fee.zip,file-VgjPpeGBQDqzUjEXRMSkAD-4377545644039911076.png,63201,.png
d6e9db90fbd5ffb1158e68518e6f46005d1c78dbaef56427bb8a934c8f466c0a-2025-06-29-04-43-33-cefe5cb372804d79a18d0829d4655fee.zip,file-W4MSAUN67EtvGVUFNqNAFn-1000342132.png,136715,.png
d6e9db90fbd5ffb1158e68518e6f46005d1c78dbaef56427bb8a934c8f466c0a-2025-06-29-04-43-33-cefe5cb372804d79a18d0829d4655fee.zip,file-W8cEgvH9UWGQo1Bt74TkPg-1000006878.png,114168,.png
d6e9db90fbd5ffb1158e68518e6f46005d1c78dbaef56427bb8a934c8f466c0a-2025-06-29-04-43-33-cefe5cb372804d79a18d0829d4655fee.zip,file-WHufnyNDK3DxCzfcyUkA9G-1000006711.webp,205079,.webp
d6e9db90fbd5ffb1158e68518e6f46005d1c78dbaef56427bb8a934c8f466c0a-2025-06-29-04-43-33-cefe5cb372804d79a18d0829d4655fee.zip,file-WedQ1j6Sr8umaHikJXDPb4-0af6b334-7016-4cbc-b90a-ee5351ab8d0c8850445970468770215,610310,(none)
d6e9db90fbd5ffb1158e68518e6f46005d1c78dbaef56427bb8a934c8f466c0a-2025-06-29-04-43-33-cefe5cb372804d79a18d0829d4655fee.zip,file-WmHhDCGKxRzBQypPtU7TPq-IMG-20250512-WA0038.jpg,519063,.jpg
d6e9db90fbd5ffb1158e68518e6f46005d1c78dbaef56427bb8a934c8f466c0a-2025-06-29-04-43-33-cefe5cb372804d79a18d0829d4655fee.zip,file-Wn9R8oLw7LViysBVNWiKk6-file_0000000090dc61f9bbe9f0072b40a0a8.png,704600,.png
d6e9db90fbd5ffb1158e68518e6f46005d1c78dbaef56427bb8a934c8f466c0a-2025-06-29-04-43-33-cefe5cb372804d79a18d0829d4655fee.zip,file-Ws4kXtL6rnf7QKr2SXvc7g-11922857384986515407.png,35489,.png
d6e9db90fbd5ffb1158e68518e6f46005d1c78dbaef56427bb8a934c8f466c0a-2025-06-29-04-43-33-cefe5cb372804d79a18d0829d4655fee.zip,file-WtL1jwi8H8rA695ZG7pp5k-1000006707.webp,263678,.webp
d6e9db90fbd5ffb1158e68518e6f46005d1c78dbaef56427bb8a934c8f466c0a-2025-06-29-04-43-33-cefe5cb372804d79a18d0829d4655fee.zip,file-X4SwdaBCoFcahe4DZ2Qo1V-sticker1085995062829275528.png,45873,.png
d6e9db90fbd5ffb1158e68518e6f46005d1c78dbaef56427bb8a934c8f466c0a-2025-06-29-04-43-33-cefe5cb372804d79a18d0829d4655fee.zip,file-X5pVsZycvNmfboeXL9Q5iY-1000336880.webp,432699,.webp
d6e9db90fbd5ffb1158e68518e6f46005d1c78dbaef56427bb8a934c8f466c0a-2025-06-29-04-43-33-cefe5cb372804d79a18d0829d4655fee.zip,file-X9osc8Q3JHwDiDBWevaj4f-1000006888.png,129909,.png
d6e9db90fbd5ffb1158e68518e6f46005d1c78dbaef56427bb8a934c8f466c0a-2025-06-29-04-43-33-cefe5cb372804d79a18d0829d4655fee.zip,file-XrWQjTkkXfagJonoS27aA4-1000339115.png,107707,.png
d6e9db90fbd5ffb1158e68518e6f46005d1c78dbaef56427bb8a934c8f466c0a-2025-06-29-04-43-33-cefe5cb372804d79a18d0829d4655fee.zip,file-YD2z8VSk2t8LBjmXtoULk3-66c08b6e-2632-4ded-a2b0-b0ef21b754656900024345680485625,622713,(none)
d6e9db90fbd5ffb1158e68518e6f46005d1c78dbaef56427bb8a934c8f466c0a-2025-06-29-04-43-33-cefe5cb372804d79a18d0829d4655fee.zip,file-YMFPuvGXtWTbrGJsKEowwB-1000336750.webp,456680,.webp
d6e9db90fbd5ffb1158e68518e6f46005d1c78dbaef56427bb8a934c8f466c0a-2025-06-29-04-43-33-cefe5cb372804d79a18d0829d4655fee.zip,file-Yac3t2KtChhRDiY1E38q5J-1000008087.png,134567,.png
d6e9db90fbd5ffb1158e68518e6f46005d1c78dbaef56427bb8a934c8f466c0a-2025-06-29-04-43-33-cefe5cb372804d79a18d0829d4655fee.zip,message_feedback.json,19146,.json
d6e9db90fbd5ffb1158e68518e6f46005d1c78dbaef56427bb8a934c8f466c0a-2025-06-29-04-43-33-cefe5cb372804d79a18d0829d4655fee.zip,shared_conversations.json,11733,.json
d6e9db90fbd5ffb1158e68518e6f46005d1c78dbaef56427bb8a934c8f466c0a-2025-06-29-04-43-33-cefe5cb372804d79a18d0829d4655fee.zip,user-iygNV7pGrwLAdoOcFctQwpqZ/file_00000000076c61f9b23cc7d698acf698-be9d1f7c-ea54-47ec-9176-ff634a44f699.png,1893335,.png
d6e9db90fbd5ffb1158e68518e6f46005d1c78dbaef56427bb8a934c8f466c0a-2025-06-29-04-43-33-cefe5cb372804d79a18d0829d4655fee.zip,user-iygNV7pGrwLAdoOcFctQwpqZ/file_000000000838622fac590ab92bb285b4-a625ec13-6409-4ffe-838f-412a68a142f0.png,1489457,.png
d6e9db90fbd5ffb1158e68518e6f46005d1c78dbaef56427bb8a934c8f466c0a-2025-06-29-04-43-33-cefe5cb372804d79a18d0829d4655fee.zip,user-iygNV7pGrwLAdoOcFctQwpqZ/file_000000000a7462308dff7af6e9ebe6ea-da69af35-a434-45be-93b4-4d9322d51c74.png,1341205,.png
d6e9db90fbd5ffb1158e68518e6f46005d1c78dbaef56427bb8a934c8f466c0a-2025-06-29-04-43-33-cefe5cb372804d79a18d0829d4655fee.zip,user-iygNV7pGrwLAdoOcFctQwpqZ/file_000000000e5462308f33c2e1002610fa-476aaab0-33b6-4ce7-898f-c9372eddc84c.png,2454746,.png
d6e9db90fbd5ffb1158e68518e6f46005d1c78dbaef56427bb8a934c8f466c0a-2025-06-29-04-43-33-cefe5cb372804d79a18d0829d4655fee.zip,user-iygNV7pGrwLAdoOcFctQwpqZ/file_0000000010606230acabf2c1b9f030d3-dacf8ad8-505c-4c72-ae42-383d3c9f497f.png,2123057,.png
d6e9db90fbd5ffb1158e68518e6f46005d1c78dbaef56427bb8a934c8f466c0a-2025-06-29-04-43-33-cefe5cb372804d79a18d0829d4655fee.zip,user-iygNV7pGrwLAdoOcFctQwpqZ/file_00000000124061f798287e30b81411d7-81648691-30d0-4e46-a471-4e45ef2f0758.png,2070077,.png
d6e9db90fbd5ffb1158e68518e6f46005d1c78dbaef56427bb8a934c8f466c0a-2025-06-29-04-43-33-cefe5cb372804d79a18d0829d4655fee.zip,user-iygNV7pGrwLAdoOcFctQwpqZ/file_000000001660622f885685dd6c8fd48e-15d0fc5c-18b8-403e-84ac-c27be1284385.png,2025386,.png
d6e9db90fbd5ffb1158e68518e6f46005d1c78dbaef56427bb8a934c8f466c0a-2025-06-29-04-43-33-cefe5cb372804d79a18d0829d4655fee.zip,user-iygNV7pGrwLAdoOcFctQwpqZ/file_000000001fc461f98dc2fe0d8e733bdd-76199da7-0b3f-48dd-89ea-59535d851e84.png,2051302,.png
d6e9db90fbd5ffb1158e68518e6f46005d1c78dbaef56427bb8a934c8f466c0a-2025-06-29-04-43-33-cefe5cb372804d79a18d0829d4655fee.zip,user-iygNV7pGrwLAdoOcFctQwpqZ/file_0000000020a862309b5635e4cce6584a-66f4f364-2d6c-4ecb-be22-09c155bb8cb8.png,2629619,.png
d6e9db90fbd5ffb1158e68518e6f46005d1c78dbaef56427bb8a934c8f466c0a-2025-06-29-04-43-33-cefe5cb372804d79a18d0829d4655fee.zip,user-iygNV7pGrwLAdoOcFctQwpqZ/file_0000000024006230841ce49bbbe7afea-c5218a0c-ac2e-4324-9c5d-ca38e422b620.png,2197961,.png
d6e9db90fbd5ffb1158e68518e6f46005d1c78dbaef56427bb8a934c8f466c0a-2025-06-29-04-43-33-cefe5cb372804d79a18d0829d4655fee.zip,user-iygNV7pGrwLAdoOcFctQwpqZ/file_00000000280061f99a474581f633801d-d311fb5d-73e1-4848-ba81-2822a1299702.png,2244901,.png
d6e9db90fbd5ffb1158e68518e6f46005d1c78dbaef56427bb8a934c8f466c0a-2025-06-29-04-43-33-cefe5cb372804d79a18d0829d4655fee.zip,user-iygNV7pGrwLAdoOcFctQwpqZ/file_000000003cb461f8974173c478d19e99-40fba785-2d5b-417c-a33b-8707e3454f31.png,1951788,.png
d6e9db90fbd5ffb1158e68518e6f46005d1c78dbaef56427bb8a934c8f466c0a-2025-06-29-04-43-33-cefe5cb372804d79a18d0829d4655fee.zip,user-iygNV7pGrwLAdoOcFctQwpqZ/file_00000000428461f980bfe64bcaea4946-cb1db631-fb12-4b87-89b2-975c745059be.png,2181002,.png
d6e9db90fbd5ffb1158e68518e6f46005d1c78dbaef56427bb8a934c8f466c0a-2025-06-29-04-43-33-cefe5cb372804d79a18d0829d4655fee.zip,user-iygNV7pGrwLAdoOcFctQwpqZ/file_0000000044f461f888aae3d7ef662690-572e637a-9756-4dff-a928-5358effc59ff.png,1777155,.png
d6e9db90fbd5ffb1158e68518e6f46005d1c78dbaef56427bb8a934c8f466c0a-2025-06-29-04-43-33-cefe5cb372804d79a18d0829d4655fee.zip,user-iygNV7pGrwLAdoOcFctQwpqZ/file_000000004ee461f5b452b0b79c2b54c8-54da542e-3492-46bf-bda6-0b9a4c910e12.png,2528975,.png
d6e9db90fbd5ffb1158e68518e6f46005d1c78dbaef56427bb8a934c8f466c0a-2025-06-29-04-43-33-cefe5cb372804d79a18d0829d4655fee.zip,user-iygNV7pGrwLAdoOcFctQwpqZ/file_000000004f4062309d842be19ffbd58a-655aebba-f17b-4d14-b5be-ba5e4726223c.png,2331389,.png
d6e9db90fbd5ffb1158e68518e6f46005d1c78dbaef56427bb8a934c8f466c0a-2025-06-29-04-43-33-cefe5cb372804d79a18d0829d4655fee.zip,user-iygNV7pGrwLAdoOcFctQwpqZ/file_0000000050d86230a3c44ab695a589b3-0d39a387-2e46-46e4-a881-0fb6b2363e66.png,3110428,.png
d6e9db90fbd5ffb1158e68518e6f46005d1c78dbaef56427bb8a934c8f466c0a-2025-06-29-04-43-33-cefe5cb372804d79a18d0829d4655fee.zip,user-iygNV7pGrwLAdoOcFctQwpqZ/file_0000000052b061f689b85dd98ec4c445-280389ae-8e88-4d48-bcb1-f655eb0b48a0.png,1616508,.png
d6e9db90fbd5ffb1158e68518e6f46005d1c78dbaef56427bb8a934c8f466c0a-2025-06-29-04-43-33-cefe5cb372804d79a18d0829d4655fee.zip,user-iygNV7pGrwLAdoOcFctQwpqZ/file_00000000579c61f781550af0be64495c-09558a06-bfa3-411a-a3a6-221c26f4fe37.png,4740744,.png
d6e9db90fbd5ffb1158e68518e6f46005d1c78dbaef56427bb8a934c8f466c0a-2025-06-29-04-43-33-cefe5cb372804d79a18d0829d4655fee.zip,user-iygNV7pGrwLAdoOcFctQwpqZ/file_0000000058c861f591abbf4865e77241-97fbb778-622b-440a-bb61-0694c019bfd5.png,2325356,.png
d6e9db90fbd5ffb1158e68518e6f46005d1c78dbaef56427bb8a934c8f466c0a-2025-06-29-04-43-33-cefe5cb372804d79a18d0829d4655fee.zip,user-iygNV7pGrwLAdoOcFctQwpqZ/file_000000005f0862308118366bc773d7d4-e4e4d286-7b86-49f3-9ee9-d73b9941a41b.png,1151324,.png
d6e9db90fbd5ffb1158e68518e6f46005d1c78dbaef56427bb8a934c8f466c0a-2025-06-29-04-43-33-cefe5cb372804d79a18d0829d4655fee.zip,user-iygNV7pGrwLAdoOcFctQwpqZ/file_00000000751c51f880e68d94689a9fd6-d9155a20-0b58-41bf-bf5b-9d45d7f6a6c3.png,2572160,.png
d6e9db90fbd5ffb1158e68518e6f46005d1c78dbaef56427bb8a934c8f466c0a-2025-06-29-04-43-33-cefe5cb372804d79a18d0829d4655fee.zip,user-iygNV7pGrwLAdoOcFctQwpqZ/file_000000007e7462309dd0aa8245934007-63286d20-a1a1-4fb4-8253-47a8bbe073c1.png,1880925,.png
